term.id,query.number,significant,p.value,term.size,query.size,overlap.size,recall,precision,term.id,domain,subgraph.number,term.name,relative.depth,intersection
HP:0001386,1,True,0.0249,33,145,8,0.055,0.242,HP:0001386,hp,10,   Joint swelling,1,"ASAH1,WISP3,IL1RN,HPGD,NOD2,FGG,FGB,SLCO2A1"
MIRNA:hsa-miR-335-5p,1,True,4.91e-07,2551,536,148,0.276,0.058,MIRNA:hsa-miR-335-5p,mir,5,   hsa-miR-335-5p,1,"KMT2E,YBX2,SPATA20,MPND,IYD,TMEM159,RRAGD,BTN3A1,NRIP2,LTK,CHI3L2,PDE4A,PLA2G10,SPTB,CDH19,LLGL2,GSDMB,NOTCH3,TEAD2,MAP2,OVGP1,DNMT3B,LTBP4,YPEL3,NLRP1,TTLL1,SOS2,MAP1LC3A,CELF4,ASAH1,FCGRT,LYL1,TJP3,DENND3,JAK3,FGF8,RASD1,ALDOC,TRIM2,WISP3,ACVR2B,KLHL24,FOXP1,PCYOX1,CDK18,SLC10A7,LRP1,DBH,BAZ2B,MXD4,NEURL2,SIRT5,ATXN1,TEKT3,FGD3,APOL2,CDKN1C,SAT1,XAF1,PTPRA,TMCC2,SEC14L4,VTCN1,DSC2,ARHGEF4,VILL,BAAT,TRIM29,TMPRSS13,LOXL4,PDE5A,CCNG2,GABARAPL1,MBNL2,GRB7,ATHL1,MMEL1,HSPG2,RORC,SELENBP1,GULP1,ZNF660,ILDR1,SPATA9,PNRC1,SLC2A12,ATP6V0D2,TM7SF2,KLRF1,NR4A2,DNAH3,RALGDS,PAQR6,FBLIM1,GBP2,IVL,LMOD3,EBF1,CREBRF,NOS3,TP53INP1,C9ORF84,SLC39A2,ASPG,TMEM41B,ACSM1,PRR15L,DNAAF3,ZNF83,ENTPD3,LMBRD1,PCMTD1,GRM5,MUC15,CLIC3,REPS2,KRT4,STAT2,SYNPO2,GOLGB1,JUP,PIFO,ADCY6,YPEL2,ZNF135,ULK1,ODF3B,ZBTB20,ODF3L1,TACSTD2,EIF4ENIF1,FAM131C,LMLN,ZSCAN23,RALGAPA2,NHLRC3,CLDN4,C14ORF178,PSAP,SREBF2,GPRIN2,ZFP57,LTC4S,SH3D21,TSTD1,CYP21A2,CFB,C17ORF50"
TF:M09739,1,True,0.000592,8231,683,348,0.51,0.042,TF:M09739,tf,13,   Factor: ZGPAT; motif: GRGGCWGNGGNG,1,"ICA1,HSPB6,THSD7A,KMT2E,YBX2,PRSS21,CACNA2D2,PLEKHG6,MPND,CALCOCO1,GPRC5A,RRAGD,RTEL1-TNFRSF6B,POU2F2,CYP46A1,PARP3,WWC3,FOXN3,SYNE2,MTA3,LTK,WISP2,ERBB3,REEP1,PLA2G10,SPTB,WIPI1,TESK2,LLGL2,GSDMB,NOTCH3,TEAD2,RGS11,N4BP2,BCKDHB,IGSF9,ITPKC,TMEM40,ARHGAP28,LTBP4,JPH4,EFHC1,DSP,FBXL19,CIRBP,ARVCF,PIK3IP1,RAB36,TTLL1,CHKB,MAP1LC3A,CELF4,PCSK1N,MEDAG,TRADD,HSF4,NDRG4,SMPD3,HCFC1R1,TSC2,CLCN7,UBE2W,KCNA7,LIN7B,FCGRT,KLC3,ICAM5,RABAC1,MEGF8,DBP,JAK3,HPN,VIPR2,ZKSCAN1,FGF8,FBXL20,RAPGEFL1,RASD1,COL1A1,HDAC5,ALDOC,TRIM2,P2RX3,DNAJC4,MDK,SCNN1A,PTPN6,FAM184A,DBN1,KAT2B,HHLA2,ACVR2B,PLCH1,VIPR1,FOXP1,TLX2,WNT6,AAK1,RRAGC,MFAP2,CDK18,MARC2,C1ORF54,USP35,RARRES1,SMAD9,EPHX2,ECHDC2,HPCA,ACADS,LRP1,HOXC11,H2BFWT,MXD4,NEURL2,ATXN1,EDN2,BCL11B,A4GALT,MYO5C,CDKN1C,SAT1,THEM6,TNNI2,RBBP8NL,ASS1,ZC3H4,C19ORF66,NINJ1,XAF1,RAB25,TMCC2,MACROD1,HRASLS2,SORT1,RSAD2,TMEM2,TSPAN31,VILL,TNS3,NKX2-1,ZFHX2,CIB2,LIMD2,IL36B,IL11RA,TRIM29,FXYD6,TMPRSS13,DBT,LOXL4,TET1,CCNG2,GABARAPL1,AMIGO2,ZMYND15,CACNA1A,ZFP14,ATHL1,IFNAR1,CBLC,TM4SF5,MMEL1,HSPG2,XPR1,ANXA9,VASH2,ETNK2,GULP1,CAND2,ZNF660,DGKQ,CORIN,PNRC1,TMEM47,IGSF1,ADIRF,FUOM,ADAM12,TM7SF2,UBE3B,PSTPIP2,ZSCAN1,ZNF837,FBXO32,FBRS,B3GNT7,WDR66,CNNM4,RHBDL2,ZDHHC1,RALGDS,PRMT2,SHKBP1,COX6B2,PAQR6,PTGER1,AMDHD2,PDZK1IP1,ACOT11,FBLIM1,GBP2,IVL,IL17RC,CRELD1,LIPH,ERMAP,HAND2,HPGD,SERINC5,EBF1,CREBRF,DEFA6,TP53INP1,C9ORF84,AQP3,PGM2L1,AMOTL1,PPP1R14D,ASPG,TRIM66,TMEM41B,LDHD,PRR15L,OR51I1,TUBA1A,PPP1R14A,LY6D,GGT6,LMBRD1,KIF5C,PCMTD1,SFTPB,KIAA1024,SPRR1A,SIK2,ANKK1,STAT2,FGG,LRRC34,NINJ2,RAB33B,LAMB2,SYNPO2,ADCK5,CD7,JUP,PIFO,ADCY6,YPEL2,ZNF613,ZNF135,SOX11,DPP7,ZDHHC13,ULK1,SAMD12,BET1L,DYNAP,TMEM125,PCED1B,CITED4,LYNX1,ACBD4,ANKRD62,ATG9B,RFX7,ZNF708,CREB3L2,EXOC7,KCNB2,PPP1R27,C1ORF116,TCHHL1,OTOP3,ODF3L1,B3GALT5,DNAH2,PLA2G6,PTP4A3,PDE4B,EIF4ENIF1,SLC24A3,GP1BA,FAM131C,PBX1,CYP4F3,GCNT1,BCAM,IFT140,PALM3,CYHR1,RALGAPA2,DPYD,LITAF,CLDN4,PNRC2,FAM53B,SPOCK3,SRGAP3,GTF2IRD2,ZNF700,TOMM20L,WDR45,LYPD2,PSAP,MT1F,ANKRD35,CNGA1,ZNF627,MAGEA1,FAN1,UNC13B,CDC42BPB,ZNF358,LY6G6C,ZFP57,MUC12,TMEM256,NYNRIN,CCDC183,LTC4S,HEXA,GPSM3,DDAH2,PPM1N,IRF9,SH3D21,TNFRSF25,TSTD1,ADM5,CT62,NTF4,HSBP1L1,CYP21A2,TAPBP,TMEM229A,ZSCAN31,CFB,JMJD7,FMN1,CUX1,PPT2-EGFL8,AARSD1,SMIM17,MAGIX,C17ORF50,HIST1H3A"
TF:M09739_0,1,True,0.000592,8231,683,348,0.51,0.042,TF:M09739_0,tf,13,    Factor: ZGPAT; motif: GRGGCWGNGGNG; match class: 0,2,"ICA1,HSPB6,THSD7A,KMT2E,YBX2,PRSS21,CACNA2D2,PLEKHG6,MPND,CALCOCO1,GPRC5A,RRAGD,RTEL1-TNFRSF6B,POU2F2,CYP46A1,PARP3,WWC3,FOXN3,SYNE2,MTA3,LTK,WISP2,ERBB3,REEP1,PLA2G10,SPTB,WIPI1,TESK2,LLGL2,GSDMB,NOTCH3,TEAD2,RGS11,N4BP2,BCKDHB,IGSF9,ITPKC,TMEM40,ARHGAP28,LTBP4,JPH4,EFHC1,DSP,FBXL19,CIRBP,ARVCF,PIK3IP1,RAB36,TTLL1,CHKB,MAP1LC3A,CELF4,PCSK1N,MEDAG,TRADD,HSF4,NDRG4,SMPD3,HCFC1R1,TSC2,CLCN7,UBE2W,KCNA7,LIN7B,FCGRT,KLC3,ICAM5,RABAC1,MEGF8,DBP,JAK3,HPN,VIPR2,ZKSCAN1,FGF8,FBXL20,RAPGEFL1,RASD1,COL1A1,HDAC5,ALDOC,TRIM2,P2RX3,DNAJC4,MDK,SCNN1A,PTPN6,FAM184A,DBN1,KAT2B,HHLA2,ACVR2B,PLCH1,VIPR1,FOXP1,TLX2,WNT6,AAK1,RRAGC,MFAP2,CDK18,MARC2,C1ORF54,USP35,RARRES1,SMAD9,EPHX2,ECHDC2,HPCA,ACADS,LRP1,HOXC11,H2BFWT,MXD4,NEURL2,ATXN1,EDN2,BCL11B,A4GALT,MYO5C,CDKN1C,SAT1,THEM6,TNNI2,RBBP8NL,ASS1,ZC3H4,C19ORF66,NINJ1,XAF1,RAB25,TMCC2,MACROD1,HRASLS2,SORT1,RSAD2,TMEM2,TSPAN31,VILL,TNS3,NKX2-1,ZFHX2,CIB2,LIMD2,IL36B,IL11RA,TRIM29,FXYD6,TMPRSS13,DBT,LOXL4,TET1,CCNG2,GABARAPL1,AMIGO2,ZMYND15,CACNA1A,ZFP14,ATHL1,IFNAR1,CBLC,TM4SF5,MMEL1,HSPG2,XPR1,ANXA9,VASH2,ETNK2,GULP1,CAND2,ZNF660,DGKQ,CORIN,PNRC1,TMEM47,IGSF1,ADIRF,FUOM,ADAM12,TM7SF2,UBE3B,PSTPIP2,ZSCAN1,ZNF837,FBXO32,FBRS,B3GNT7,WDR66,CNNM4,RHBDL2,ZDHHC1,RALGDS,PRMT2,SHKBP1,COX6B2,PAQR6,PTGER1,AMDHD2,PDZK1IP1,ACOT11,FBLIM1,GBP2,IVL,IL17RC,CRELD1,LIPH,ERMAP,HAND2,HPGD,SERINC5,EBF1,CREBRF,DEFA6,TP53INP1,C9ORF84,AQP3,PGM2L1,AMOTL1,PPP1R14D,ASPG,TRIM66,TMEM41B,LDHD,PRR15L,OR51I1,TUBA1A,PPP1R14A,LY6D,GGT6,LMBRD1,KIF5C,PCMTD1,SFTPB,KIAA1024,SPRR1A,SIK2,ANKK1,STAT2,FGG,LRRC34,NINJ2,RAB33B,LAMB2,SYNPO2,ADCK5,CD7,JUP,PIFO,ADCY6,YPEL2,ZNF613,ZNF135,SOX11,DPP7,ZDHHC13,ULK1,SAMD12,BET1L,DYNAP,TMEM125,PCED1B,CITED4,LYNX1,ACBD4,ANKRD62,ATG9B,RFX7,ZNF708,CREB3L2,EXOC7,KCNB2,PPP1R27,C1ORF116,TCHHL1,OTOP3,ODF3L1,B3GALT5,DNAH2,PLA2G6,PTP4A3,PDE4B,EIF4ENIF1,SLC24A3,GP1BA,FAM131C,PBX1,CYP4F3,GCNT1,BCAM,IFT140,PALM3,CYHR1,RALGAPA2,DPYD,LITAF,CLDN4,PNRC2,FAM53B,SPOCK3,SRGAP3,GTF2IRD2,ZNF700,TOMM20L,WDR45,LYPD2,PSAP,MT1F,ANKRD35,CNGA1,ZNF627,MAGEA1,FAN1,UNC13B,CDC42BPB,ZNF358,LY6G6C,ZFP57,MUC12,TMEM256,NYNRIN,CCDC183,LTC4S,HEXA,GPSM3,DDAH2,PPM1N,IRF9,SH3D21,TNFRSF25,TSTD1,ADM5,CT62,NTF4,HSBP1L1,CYP21A2,TAPBP,TMEM229A,ZSCAN31,CFB,JMJD7,FMN1,CUX1,PPT2-EGFL8,AARSD1,SMIM17,MAGIX,C17ORF50,HIST1H3A"
TF:M07040_1,1,True,0.0052,8160,683,340,0.498,0.042,TF:M07040_1,tf,18,   Factor: GKLF; motif: NNRRGRRNGNSNNN; match class: 1,1,"TSPAN6,HSPB6,THSD7A,KMT2E,YBX2,SPATA20,ARSD,NOS2,CACNA2D2,PLEKHG6,MPND,TMEM159,CALCOCO1,VSIG2,RRAGD,POU2F2,CYP46A1,USP2,PARP3,VAMP3,NNAT,NRIP2,SYNE2,MTA3,ERBB3,PDE4A,WIPI1,GBA2,TRPM5,FBXW11,LLGL2,NOTCH3,TEAD2,FOSL2,RGS11,N4BP2,SRCAP,BCKDHB,IGSF9,B4GALT1,ITPKC,DNMT3B,TMEM40,SLC4A11,LTBP4,YPEL3,NLRP1,JPH4,DSP,FBXL19,CIRBP,ARVCF,CHKB,SLC8A3,PPP1R16B,MAP1LC3A,CELF4,PCSK1N,MEDAG,HSF4,SMPD3,HCFC1R1,TSC2,CTSH,BMF,FCGRT,PPP1R13L,KLC3,LYL1,NOVA2,DENND3,MYH14,ICAM5,RABAC1,MEGF8,DBP,HPN,VIPR2,ZKSCAN1,MOSPD3,PCOLCE,CDH23,FGF8,FBXL15,FBXL20,RAPGEFL1,PEX12,COL1A1,HDAC5,FAM20A,FOLR1,MDK,SCNN1A,RASAL1,ST8SIA1,OPRM1,DBN1,KAT2B,ACVR2B,FOXP1,TP53I3,APC2,TLX2,WNT6,SLC9A2,AAK1,PCYOX1,RRAGC,MFAP2,CDK18,MARC2,C1ORF54,USP35,RARRES1,IFI27L2,ALDH6A1,SLC10A7,SMAD9,RDH10,HPCA,LRP1,HOXC11,DBH,BAZ2B,PREX1,ATXN1,MYRF,ALKBH7,CSTL1,FGD3,EDN2,BCL11B,A4GALT,APOL2,MYO5C,CDKN1C,THEM6,TNNI2,RBBP8NL,ASS1,ZC3H4,C19ORF66,NINJ1,XAF1,RAB25,TMCC2,WNT2B,SPOCD1,DSC2,KHDC1,TSPAN31,NKX2-1,ZFHX2,TM6SF1,CIB2,LIMD2,NIPSNAP3A,TRIM29,FXYD6,LOXL4,TET1,CCNG2,AMIGO2,SGSM2,ZMYND15,GRB7,CACNA1A,IFITM3,ATHL1,CBLC,HSPG2,XPR1,RORC,RFX5,ETNK2,THNSL2,GULP1,UNC80,KANSL1L,CAND2,RNF145,KLHL3,PRSS35,PNRC1,SLC12A9,TMEM47,ADIRF,VAX1,ADAM12,TMEM219,PSTPIP2,TCF7L1,ZSCAN1,ZNF837,FARP1,CNTNAP4,ACOXL,NR4A2,UCHL1,SLC7A7,FBXO32,FBRS,B3GNT7,AFAP1L1,LCA5L,RALGDS,PRMT2,SHKBP1,COX6B2,PAQR6,PTGER1,LRRC56,HS3ST6,AMDHD2,PDZK1IP1,SPATA17,KIAA1841,ALPPL2,ELF3,FEV,CRELD1,S100P,HAND2,EBF1,CREBRF,TP53INP1,HGSNAT,CLDN3,AQP3,SLC39A2,AMOTL1,PPP1R14D,ASPG,GABRB3,LDHD,NOD2,TUBA1A,TMC4,TMEM145,PPP1R14A,DNAAF3,LY6D,ZNF83,MGAT5B,FTH1,LMBRD1,KIF5C,ZNF608,SPRY3,KIAA1024,CLIC3,REPS2,SIK2,ANKK1,KRT86,STAT2,INSR,KRT9,ZNF217,ADCK5,JUP,PIFO,ADCY6,SLCO2A1,SEZ6L2,YPEL2,ZNF135,SOX11,DPP7,ZDHHC13,ULK1,SAMD12,TMEM125,PCED1B,TSHZ1,LYNX1,ACBD4,ATG9B,RFX7,CREB3L2,UBE2E2,KCNB2,C1ORF116,OTOP3,ODF3L1,DNAH2,GPR173,TACSTD2,DUSP8,EIF4ENIF1,CA13,SLC24A3,NOTUM,FAM131C,PBX1,ZSCAN30,EMID1,BCAM,PALM3,CYHR1,SERPINA5,RALGAPA2,DPYD,FAM221A,NHLRC3,ANKDD1B,LITAF,CLDN4,BTBD8,FAM53B,SFTA2,LYPD2,MT1F,MAGEA1,UNC13B,CDC42BPB,ZNF358,SREBF2,LY6G6C,TRIM31,SPIRE2,TMEM256,NYNRIN,GPSM3,PPM1N,TNFRSF25,TSTD1,ADM5,CT62,SFTA3,CYP21A2,TAPBP,ARHGDIG,CUX1,PPT2-EGFL8,MUC22,SMIM17,MAGIX,C17ORF50,HIST1H4F"
TF:M00649,1,True,0.0186,9353,683,378,0.553,0.04,TF:M00649,tf,15,   Factor: MAZ; motif: GGGGAGGG,1,"TSPAN6,ICA1,HSPB6,KMT2E,YBX2,SPATA20,ARSD,CDKL3,NOS2,CACNA2D2,PLEKHG6,MPND,CALCOCO1,GPRC5A,VSIG2,RRAGD,POU2F2,CYP46A1,USP2,PARP3,VAMP3,NNAT,NRIP2,MTA3,CHI3L2,ERBB3,PDE4A,REEP1,STON1-GTF2A1L,PLA2G10,GBA2,TESK2,TRPM5,FBXW11,ALPK1,LLGL2,NOTCH3,TEAD2,FOSL2,RGS11,N4BP2,SRCAP,BCKDHB,B4GALT1,ITPKC,TMEM40,FXYD3,LTBP4,YPEL3,NLRP1,JPH4,DPYSL2,DSP,FBXL19,CIRBP,IZUMO4,ARVCF,RAB36,PMM1,SLC8A3,PPP1R16B,MAP1LC3A,MEDAG,NDRG4,SMPD3,HCFC1R1,TSC2,CTSH,BMF,UBE2W,ASAH1,PPP1R13L,LYL1,NOVA2,TJP3,DENND3,ICAM5,MEGF8,HPN,ZKSCAN1,PCOLCE,RASSF4,CDH23,FGF8,CPEB3,FBXL15,FBXL20,RAPGEFL1,COL1A1,HDAC5,FAM20A,ALDOC,TRIM2,P2RX3,MDK,SCNN1A,RASAL1,ST8SIA1,DBN1,KAT2B,ACVR2B,FOXP1,TP53I3,APC2,TLX2,WNT6,SLC9A2,AAK1,RRAGC,MFAP2,CDK18,TSPAN1,C1ORF54,USP35,RARRES1,IFI27L2,ALDH6A1,SLC10A7,SMAD9,EPHX2,RDH10,ECHDC2,TNFSF10,HPCA,LRP1,DBH,MXD4,ATXN1,MYRF,EDN2,BCL11B,TMEM175,SPINK2,A4GALT,MYO5C,THEM6,TNNI2,RBBP8NL,ASS1,C19ORF66,FMO5,XAF1,RAB25,TMCC2,HRASLS2,SEC14L4,GIMAP6,VTCN1,SPOCD1,DSC2,KHDC1,PRRG4,TSPAN31,GLUL,GPR55,ARHGEF4,NKX2-1,ZFHX2,CIB2,LIMD2,IL1RN,NIPSNAP3A,YIPF3,DBT,LOXL4,TET1,CCNG2,AMIGO2,WDR93,SGSM2,ZMYND15,GRB7,CACNA1A,IFITM3,ATHL1,CBLC,MMEL1,HSPG2,XPR1,RORC,RFX5,ANXA9,SELENBP1,ETNK2,UNC80,KANSL1L,CAND2,ILDR1,DGKQ,RNF145,KLHL3,PRSS35,PNRC1,SLC2A12,SLC12A9,TMEM47,IGSF1,VAX1,FUOM,TM7SF2,TMEM219,ARID5B,UBE3B,C4ORF33,HSPB8,PSTPIP2,TCF7L1,ZSCAN1,ZNF837,FARP1,ACOXL,NR4A2,UCHL1,SLC7A7,FBXO32,FBRS,B3GNT7,AFAP1L1,LCA5L,DNAH3,ZDHHC1,PRMT2,SHKBP1,COX6B2,PAQR6,SPSB3,HS3ST6,SPATA17,KIAA1841,ALPP,ALPPL2,ELF3,FEV,IL17RE,CRELD1,S100P,ERMAP,HAND2,EBF1,CREBRF,TP53INP1,HGSNAT,CLDN3,AQP3,SLC39A2,AMOTL1,PPP1R14D,POLL,ASPG,GABRB3,LDHD,PRR15L,TUBA1A,TMC4,TMEM145,PPP1R14A,LY6D,FTH1,LMBRD1,KIF5C,SPRY3,KIAA1024,CLIC3,TAS2R1,REPS2,SIK2,ANKK1,KRT86,ZNF415,PDGFD,INSR,FGG,NINJ2,ZNF217,ADCK5,GOLGB1,CD7,JUP,PIFO,SLCO2A1,SEZ6L2,YPEL2,ZNF613,ZNF135,SOX11,DPP7,ZDHHC13,ULK1,BEND2,SAMD12,ODF3B,DAND5,PCED1B,TSHZ1,LYNX1,ANKRD62,ATG9B,ZBTB20,RFX7,UBE2E2,EXOC7,KCNB2,C1ORF116,TCHHL1,OTOP3,ODF3L1,B3GALT5,DNAH2,GPR173,TACSTD2,DUSP8,PDE4B,EIF4ENIF1,SDR42E1,CA13,SLC24A3,NOTUM,FAM131C,PBX1,CYP4F12,KRT3,ZSCAN30,EMID1,PALM3,CYHR1,RALGAPA2,DPYD,NHLRC3,ANKDD1B,LITAF,CLDN4,BTBD8,FAM53B,SPOCK3,ZNF700,WDR45,LYPD2,MB,FAM109A,MT1F,ZNF627,MAGEA1,CDC42BPB,ZNF358,SREBF2,RAET1G,OOEP,RING1,LY6G6C,SPIRE2,TMEM256,NYNRIN,LTC4S,GPC2,GPSM3,DDAH2,PPM1N,IRF9,SPDYE3,TNFRSF25,ADM5,CT62,NTF4,HSBP1L1,TAPBP,ZSCAN31,ARHGDIG,CFB,JMJD7,CUX1,PPT2-EGFL8,MUC22,HPR,LINC00672,SMIM17,MAGIX,HIST1H4K,HIST1H3A"
TF:M00649_0,1,True,0.0186,9353,683,378,0.553,0.04,TF:M00649_0,tf,15,    Factor: MAZ; motif: GGGGAGGG; match class: 0,2,"TSPAN6,ICA1,HSPB6,KMT2E,YBX2,SPATA20,ARSD,CDKL3,NOS2,CACNA2D2,PLEKHG6,MPND,CALCOCO1,GPRC5A,VSIG2,RRAGD,POU2F2,CYP46A1,USP2,PARP3,VAMP3,NNAT,NRIP2,MTA3,CHI3L2,ERBB3,PDE4A,REEP1,STON1-GTF2A1L,PLA2G10,GBA2,TESK2,TRPM5,FBXW11,ALPK1,LLGL2,NOTCH3,TEAD2,FOSL2,RGS11,N4BP2,SRCAP,BCKDHB,B4GALT1,ITPKC,TMEM40,FXYD3,LTBP4,YPEL3,NLRP1,JPH4,DPYSL2,DSP,FBXL19,CIRBP,IZUMO4,ARVCF,RAB36,PMM1,SLC8A3,PPP1R16B,MAP1LC3A,MEDAG,NDRG4,SMPD3,HCFC1R1,TSC2,CTSH,BMF,UBE2W,ASAH1,PPP1R13L,LYL1,NOVA2,TJP3,DENND3,ICAM5,MEGF8,HPN,ZKSCAN1,PCOLCE,RASSF4,CDH23,FGF8,CPEB3,FBXL15,FBXL20,RAPGEFL1,COL1A1,HDAC5,FAM20A,ALDOC,TRIM2,P2RX3,MDK,SCNN1A,RASAL1,ST8SIA1,DBN1,KAT2B,ACVR2B,FOXP1,TP53I3,APC2,TLX2,WNT6,SLC9A2,AAK1,RRAGC,MFAP2,CDK18,TSPAN1,C1ORF54,USP35,RARRES1,IFI27L2,ALDH6A1,SLC10A7,SMAD9,EPHX2,RDH10,ECHDC2,TNFSF10,HPCA,LRP1,DBH,MXD4,ATXN1,MYRF,EDN2,BCL11B,TMEM175,SPINK2,A4GALT,MYO5C,THEM6,TNNI2,RBBP8NL,ASS1,C19ORF66,FMO5,XAF1,RAB25,TMCC2,HRASLS2,SEC14L4,GIMAP6,VTCN1,SPOCD1,DSC2,KHDC1,PRRG4,TSPAN31,GLUL,GPR55,ARHGEF4,NKX2-1,ZFHX2,CIB2,LIMD2,IL1RN,NIPSNAP3A,YIPF3,DBT,LOXL4,TET1,CCNG2,AMIGO2,WDR93,SGSM2,ZMYND15,GRB7,CACNA1A,IFITM3,ATHL1,CBLC,MMEL1,HSPG2,XPR1,RORC,RFX5,ANXA9,SELENBP1,ETNK2,UNC80,KANSL1L,CAND2,ILDR1,DGKQ,RNF145,KLHL3,PRSS35,PNRC1,SLC2A12,SLC12A9,TMEM47,IGSF1,VAX1,FUOM,TM7SF2,TMEM219,ARID5B,UBE3B,C4ORF33,HSPB8,PSTPIP2,TCF7L1,ZSCAN1,ZNF837,FARP1,ACOXL,NR4A2,UCHL1,SLC7A7,FBXO32,FBRS,B3GNT7,AFAP1L1,LCA5L,DNAH3,ZDHHC1,PRMT2,SHKBP1,COX6B2,PAQR6,SPSB3,HS3ST6,SPATA17,KIAA1841,ALPP,ALPPL2,ELF3,FEV,IL17RE,CRELD1,S100P,ERMAP,HAND2,EBF1,CREBRF,TP53INP1,HGSNAT,CLDN3,AQP3,SLC39A2,AMOTL1,PPP1R14D,POLL,ASPG,GABRB3,LDHD,PRR15L,TUBA1A,TMC4,TMEM145,PPP1R14A,LY6D,FTH1,LMBRD1,KIF5C,SPRY3,KIAA1024,CLIC3,TAS2R1,REPS2,SIK2,ANKK1,KRT86,ZNF415,PDGFD,INSR,FGG,NINJ2,ZNF217,ADCK5,GOLGB1,CD7,JUP,PIFO,SLCO2A1,SEZ6L2,YPEL2,ZNF613,ZNF135,SOX11,DPP7,ZDHHC13,ULK1,BEND2,SAMD12,ODF3B,DAND5,PCED1B,TSHZ1,LYNX1,ANKRD62,ATG9B,ZBTB20,RFX7,UBE2E2,EXOC7,KCNB2,C1ORF116,TCHHL1,OTOP3,ODF3L1,B3GALT5,DNAH2,GPR173,TACSTD2,DUSP8,PDE4B,EIF4ENIF1,SDR42E1,CA13,SLC24A3,NOTUM,FAM131C,PBX1,CYP4F12,KRT3,ZSCAN30,EMID1,PALM3,CYHR1,RALGAPA2,DPYD,NHLRC3,ANKDD1B,LITAF,CLDN4,BTBD8,FAM53B,SPOCK3,ZNF700,WDR45,LYPD2,MB,FAM109A,MT1F,ZNF627,MAGEA1,CDC42BPB,ZNF358,SREBF2,RAET1G,OOEP,RING1,LY6G6C,SPIRE2,TMEM256,NYNRIN,LTC4S,GPC2,GPSM3,DDAH2,PPM1N,IRF9,SPDYE3,TNFRSF25,ADM5,CT62,NTF4,HSBP1L1,TAPBP,ZSCAN31,ARHGDIG,CFB,JMJD7,CUX1,PPT2-EGFL8,MUC22,HPR,LINC00672,SMIM17,MAGIX,HIST1H4K,HIST1H3A"
TF:M01721,1,True,8.51e-05,9163,683,385,0.564,0.042,TF:M01721,tf,3,   Factor: PUR1; motif: GGGNCAGNN,1,"TSPAN6,HSPB6,KMT2E,YBX2,SPATA20,ARSD,NOS2,CACNA2D2,PLEKHG6,TMEM159,VSIG2,DEF6,RTEL1-TNFRSF6B,POU2F2,CYP46A1,WWC3,FOXN3,NRIP2,MTA3,LTK,ERBB3,PDE4A,REEP1,GBA2,TESK2,TRPM5,FBXW11,LLGL2,GSDMB,NOTCH3,RGS11,N4BP2,BCKDHB,B4GALT1,DNMT3B,TMEM40,LTBP4,YPEL3,NLRP1,JPH4,EFHC1,FBXL19,CIRBP,IZUMO4,ARVCF,RAB36,CHKB,PMM1,SOS2,SLC8A3,PPP1R16B,MAP1LC3A,CELF4,SLC35A2,USP11,MEDAG,TRADD,HSF4,NDRG4,HCFC1R1,TSC2,TMC5,CTSH,TGM5,DECR1,UBE2W,KCNA7,LIN7B,FCGRT,PPP1R13L,KLC3,LYL1,MYH14,ICAM5,RABAC1,MEGF8,CAPS,JAK3,HPN,VIPR2,MOSPD3,PCOLCE,CDH23,FGF8,FBXL15,FBXL20,RAPGEFL1,COL1A1,HDAC5,FAM20A,ALDOC,TRIM2,P2RX3,DNAJC4,FOLR1,MDK,SCNN1A,PTPN6,FAM184A,OPRM1,DBN1,KAT2B,HHLA2,ACVR2B,PLCH1,VIPR1,FOXP1,APC2,TLX2,WNT6,SLC9A2,RRAGC,MFAP2,CDK18,MARC2,C1ORF54,USP35,RARRES1,ALDH6A1,EPHX2,RDH10,HPCA,LRP1,DBH,MXD4,NEURL2,SIRT5,ATXN1,MYRF,TEKT3,ALKBH7,EDN2,BCL11B,TMEM175,A4GALT,APOL2,APOBEC3A,MYO5C,HEATR5A,EAPP,CDKN1C,SAT1,THEM6,TNNI2,ASS1,C19ORF66,NINJ1,XAF1,RAB25,TMCC2,MACROD1,HRASLS2,SORT1,VTCN1,SPOCD1,TMEM2,PRRG4,TSPAN31,GLUL,ARHGEF4,VILL,NKX2-1,CIB2,LIMD2,NIPSNAP3A,IL11RA,FXYD6,TMPRSS13,DBT,LOXL4,TET1,PDE5A,GABARAPL1,AMIGO2,SGSM2,ZMYND15,GRB7,IFITM3,ATHL1,IFNAR1,MMEL1,HSPG2,RORC,ANXA9,SELENBP1,VASH2,ETNK2,KANSL1L,ZNF660,DGKQ,CORIN,CRHBP,PNRC1,SLC12A9,TMEM47,IGSF1,FUOM,ADAM12,TM7SF2,TMEM219,CCDC102B,C4ORF33,TCF7L1,ZSCAN1,ZNF837,FARP1,ACOXL,ANGPT1,UCHL1,SLC7A7,FBXO32,FBRS,B3GNT7,WDR66,CNNM4,DNAH3,RALGDS,PRMT2,SHKBP1,COX6B2,PAQR6,PTGER1,LRRC56,SPSB3,HS3ST6,PDZK1IP1,ACOT11,FBLIM1,GBP2,KLHDC9,KIAA1841,ALPP,ELF3,IL17RE,IL17RC,ERMAP,SLC9B1,HAND2,SERINC5,NOS3,TP53INP1,HGSNAT,CLDN3,AQP3,PGM2L1,PPP1R14D,ASPG,GABRB3,TRIM66,TMEM41B,IQCD,ACSM1,LDHD,C15ORF48,PRR15L,TMC4,TMEM145,PPP1R14A,LY6D,GGT6,ZNF83,ENTPD3,LMBRD1,KIF5C,PCMTD1,VWA3B,SFTPB,SPRY3,KIAA1024,CLIC3,REPS2,SIK2,ANKK1,KRT86,PDGFD,INSR,FGG,LRRC34,RAB33B,LAMB2,SYNPO2,ADCK5,CD7,JUP,SEZ6L2,ZNF135,DPP7,ZDHHC13,ULK1,BEND2,SAMD12,NAALADL2,BET1L,GRAMD1C,SNX18,TMEM125,DAND5,PCED1B,CITED4,LYNX1,ACBD4,ANKRD62,ATG9B,RFX7,CREB3L2,UBE2E2,EXOC7,PPP1R27,TCHHL1,OTOP3,DNAH2,GPR173,PTP4A3,DUSP8,PDE4B,EIF4ENIF1,SDR42E1,SLC24A3,ZNF479,GP1BA,NOTUM,FAM131C,LMLN,PBX1,SYN3,CYP4F12,CYP4F3,ZSCAN30,EMID1,BCAM,TLR5,PALM3,CYHR1,SERPINA5,RALGAPA2,DPYD,LITAF,PNRC2,FAM53B,SPOCK3,SRGAP3,ZNF471,ZNF700,TOMM20L,LYPD2,PSAP,MT1F,ANKRD35,CNGA1,MAGEA1,ZNF358,PNMA5,SREBF2,RAET1G,GPRIN2,RING1,SPIRE2,MUC12,TMEM256,NYNRIN,CCDC183,LTC4S,GPC2,HEXA,GPSM3,DDAH2,PPM1N,SH3D21,TSTD1,CT62,SFTA3,CYP21A2,TAPBP,TMEM229A,ARHGDIG,CFB,JMJD7,CRYBB2,CUX1,MUC22,AARSD1,SMIM17,MAGIX,C17ORF50,HIST1H4F"
TF:M01721_0,1,True,8.51e-05,9163,683,385,0.564,0.042,TF:M01721_0,tf,3,    Factor: PUR1; motif: GGGNCAGNN; match class: 0,2,"TSPAN6,HSPB6,KMT2E,YBX2,SPATA20,ARSD,NOS2,CACNA2D2,PLEKHG6,TMEM159,VSIG2,DEF6,RTEL1-TNFRSF6B,POU2F2,CYP46A1,WWC3,FOXN3,NRIP2,MTA3,LTK,ERBB3,PDE4A,REEP1,GBA2,TESK2,TRPM5,FBXW11,LLGL2,GSDMB,NOTCH3,RGS11,N4BP2,BCKDHB,B4GALT1,DNMT3B,TMEM40,LTBP4,YPEL3,NLRP1,JPH4,EFHC1,FBXL19,CIRBP,IZUMO4,ARVCF,RAB36,CHKB,PMM1,SOS2,SLC8A3,PPP1R16B,MAP1LC3A,CELF4,SLC35A2,USP11,MEDAG,TRADD,HSF4,NDRG4,HCFC1R1,TSC2,TMC5,CTSH,TGM5,DECR1,UBE2W,KCNA7,LIN7B,FCGRT,PPP1R13L,KLC3,LYL1,MYH14,ICAM5,RABAC1,MEGF8,CAPS,JAK3,HPN,VIPR2,MOSPD3,PCOLCE,CDH23,FGF8,FBXL15,FBXL20,RAPGEFL1,COL1A1,HDAC5,FAM20A,ALDOC,TRIM2,P2RX3,DNAJC4,FOLR1,MDK,SCNN1A,PTPN6,FAM184A,OPRM1,DBN1,KAT2B,HHLA2,ACVR2B,PLCH1,VIPR1,FOXP1,APC2,TLX2,WNT6,SLC9A2,RRAGC,MFAP2,CDK18,MARC2,C1ORF54,USP35,RARRES1,ALDH6A1,EPHX2,RDH10,HPCA,LRP1,DBH,MXD4,NEURL2,SIRT5,ATXN1,MYRF,TEKT3,ALKBH7,EDN2,BCL11B,TMEM175,A4GALT,APOL2,APOBEC3A,MYO5C,HEATR5A,EAPP,CDKN1C,SAT1,THEM6,TNNI2,ASS1,C19ORF66,NINJ1,XAF1,RAB25,TMCC2,MACROD1,HRASLS2,SORT1,VTCN1,SPOCD1,TMEM2,PRRG4,TSPAN31,GLUL,ARHGEF4,VILL,NKX2-1,CIB2,LIMD2,NIPSNAP3A,IL11RA,FXYD6,TMPRSS13,DBT,LOXL4,TET1,PDE5A,GABARAPL1,AMIGO2,SGSM2,ZMYND15,GRB7,IFITM3,ATHL1,IFNAR1,MMEL1,HSPG2,RORC,ANXA9,SELENBP1,VASH2,ETNK2,KANSL1L,ZNF660,DGKQ,CORIN,CRHBP,PNRC1,SLC12A9,TMEM47,IGSF1,FUOM,ADAM12,TM7SF2,TMEM219,CCDC102B,C4ORF33,TCF7L1,ZSCAN1,ZNF837,FARP1,ACOXL,ANGPT1,UCHL1,SLC7A7,FBXO32,FBRS,B3GNT7,WDR66,CNNM4,DNAH3,RALGDS,PRMT2,SHKBP1,COX6B2,PAQR6,PTGER1,LRRC56,SPSB3,HS3ST6,PDZK1IP1,ACOT11,FBLIM1,GBP2,KLHDC9,KIAA1841,ALPP,ELF3,IL17RE,IL17RC,ERMAP,SLC9B1,HAND2,SERINC5,NOS3,TP53INP1,HGSNAT,CLDN3,AQP3,PGM2L1,PPP1R14D,ASPG,GABRB3,TRIM66,TMEM41B,IQCD,ACSM1,LDHD,C15ORF48,PRR15L,TMC4,TMEM145,PPP1R14A,LY6D,GGT6,ZNF83,ENTPD3,LMBRD1,KIF5C,PCMTD1,VWA3B,SFTPB,SPRY3,KIAA1024,CLIC3,REPS2,SIK2,ANKK1,KRT86,PDGFD,INSR,FGG,LRRC34,RAB33B,LAMB2,SYNPO2,ADCK5,CD7,JUP,SEZ6L2,ZNF135,DPP7,ZDHHC13,ULK1,BEND2,SAMD12,NAALADL2,BET1L,GRAMD1C,SNX18,TMEM125,DAND5,PCED1B,CITED4,LYNX1,ACBD4,ANKRD62,ATG9B,RFX7,CREB3L2,UBE2E2,EXOC7,PPP1R27,TCHHL1,OTOP3,DNAH2,GPR173,PTP4A3,DUSP8,PDE4B,EIF4ENIF1,SDR42E1,SLC24A3,ZNF479,GP1BA,NOTUM,FAM131C,LMLN,PBX1,SYN3,CYP4F12,CYP4F3,ZSCAN30,EMID1,BCAM,TLR5,PALM3,CYHR1,SERPINA5,RALGAPA2,DPYD,LITAF,PNRC2,FAM53B,SPOCK3,SRGAP3,ZNF471,ZNF700,TOMM20L,LYPD2,PSAP,MT1F,ANKRD35,CNGA1,MAGEA1,ZNF358,PNMA5,SREBF2,RAET1G,GPRIN2,RING1,SPIRE2,MUC12,TMEM256,NYNRIN,CCDC183,LTC4S,GPC2,HEXA,GPSM3,DDAH2,PPM1N,SH3D21,TSTD1,CT62,SFTA3,CYP21A2,TAPBP,TMEM229A,ARHGDIG,CFB,JMJD7,CRYBB2,CUX1,MUC22,AARSD1,SMIM17,MAGIX,C17ORF50,HIST1H4F"
TF:M01721_1,1,True,0.00043,3466,683,172,0.252,0.05,TF:M01721_1,tf,3,     Factor: PUR1; motif: GGGNCAGNN; match class: 1,3,"HSPB6,ARSD,CACNA2D2,PLEKHG6,TMEM159,VSIG2,POU2F2,CYP46A1,WWC3,NRIP2,ERBB3,PDE4A,TRPM5,FBXW11,LLGL2,GSDMB,RGS11,BCKDHB,B4GALT1,DNMT3B,LTBP4,NLRP1,JPH4,CIRBP,ARVCF,SLC8A3,PPP1R16B,MAP1LC3A,CELF4,SLC35A2,MEDAG,HSF4,NDRG4,TSC2,TMC5,UBE2W,KCNA7,PPP1R13L,MEGF8,CAPS,JAK3,HPN,VIPR2,PCOLCE,CDH23,FGF8,COL1A1,HDAC5,DNAJC4,FOLR1,MDK,SCNN1A,PTPN6,FAM184A,KAT2B,VIPR1,APC2,TLX2,WNT6,RRAGC,MARC2,USP35,EPHX2,ALKBH7,EDN2,TMEM175,A4GALT,APOL2,APOBEC3A,CDKN1C,THEM6,TNNI2,ASS1,SORT1,VTCN1,TMEM2,TSPAN31,VILL,IL11RA,FXYD6,TMPRSS13,TET1,PDE5A,SGSM2,ATHL1,IFNAR1,MMEL1,HSPG2,RORC,ANXA9,SELENBP1,ZNF660,DGKQ,PNRC1,TMEM47,FUOM,TM7SF2,TCF7L1,ZNF837,FBXO32,FBRS,B3GNT7,RALGDS,SHKBP1,COX6B2,PTGER1,LRRC56,SPSB3,PDZK1IP1,ACOT11,KLHDC9,KIAA1841,ERMAP,SERINC5,AQP3,PGM2L1,ASPG,TRIM66,TMEM41B,PRR15L,TMC4,TMEM145,PPP1R14A,LY6D,KIF5C,PCMTD1,CLIC3,LAMB2,ADCK5,CD7,JUP,SEZ6L2,ZNF135,ZDHHC13,ULK1,SAMD12,BET1L,DAND5,CITED4,ACBD4,ATG9B,RFX7,PTP4A3,PDE4B,SLC24A3,NOTUM,FAM131C,LMLN,PBX1,SYN3,CYP4F12,CYP4F3,EMID1,CYHR1,SERPINA5,LYPD2,ANKRD35,MAGEA1,ZNF358,PNMA5,GPRIN2,RING1,SPIRE2,NYNRIN,CCDC183,DDAH2,SH3D21,TSTD1,SFTA3,TMEM229A,CRYBB2,SMIM17"
TF:M04595_1,1,True,0.00209,7415,683,316,0.463,0.043,TF:M04595_1,tf,16,   Factor: SALL2; motif: GGGTGGG; match class: 1,1,"ICA1,CFLAR,SARM1,HSPB6,PRSS21,CACNA2D2,PLEKHG6,MPND,TMEM159,CALCOCO1,GPRC5A,VSIG2,RRAGD,RTEL1-TNFRSF6B,POU2F2,CYP46A1,USP2,PARP3,WWC3,VAMP3,MTA3,PDE4A,OTUD5,REEP1,PLA2G10,SPTB,WIPI1,GBA2,TRPM5,NOTCH3,RGS11,N4BP2,SRCAP,IGSF9,DNMT3B,FXYD3,LTBP4,YPEL3,NLRP1,JPH4,DSP,FBXL19,CIRBP,IZUMO4,ARVCF,RAB36,PMM1,SLC8A3,PPP1R16B,MAP1LC3A,SLC35A2,PCSK1N,TRADD,HSF4,NDRG4,SMPD3,HCFC1R1,PYCARD,CTSH,TGM5,LIN7B,FCGRT,PPP1R13L,LYL1,NOVA2,KIR3DX1,DENND3,ICAM5,RABAC1,MEGF8,HPN,VIPR2,ZKSCAN1,MOSPD3,PCOLCE,CDH23,FGF8,FBXL15,RAPGEFL1,RASD1,COL1A1,FAM20A,P2RX3,DNAJC4,FOLR1,MDK,SCNN1A,RASAL1,PTPN6,ST8SIA1,FAM184A,BVES,DBN1,KAT2B,ACVR2B,KLHL24,FOXP1,TP53I3,APC2,TLX2,WNT6,MFAP2,CDK18,C1ORF54,USP35,ALDH6A1,SLC10A7,SMAD9,RDH10,TNFSF10,HPCA,LRP1,HOXC11,MXD4,PREX1,NEURL2,SIRT5,ATXN1,TMEM175,A4GALT,APOBEC3A,EAPP,CDKN1C,TNNI2,RBBP8NL,ZC3H4,XAF1,TMCC2,SORT1,WNT2B,DSC2,TMEM2,KHDC1,TSPAN31,GLUL,ARHGEF4,TNS3,NKX2-1,LIMD2,IL11RA,YIPF3,FXYD6,TET1,CCNG2,AMIGO2,SGSM2,GRB7,CACNA1A,IFITM3,ATHL1,IFNAR1,CBLC,TM4SF5,MMEL1,XPR1,RORC,SELENBP1,VASH2,ETNK2,THNSL2,UNC80,KANSL1L,TMEM44,ILDR1,DGKQ,CORIN,PNRC1,SLC12A9,ADIRF,VAX1,FUOM,ADAM12,TMEM219,PSTPIP2,TCF7L1,ZSCAN1,FARP1,ACOXL,NR4A2,FBXO32,FBRS,DNAH3,TGM7,RALGDS,SHKBP1,COX6B2,PTGER1,LRRC56,SPSB3,HS3ST6,AMDHD2,PDZK1IP1,ACOT11,FBLIM1,KLHDC9,KIAA1841,IVL,ALPPL2,ELF3,FEV,IL17RC,CRELD1,S100P,SLC9B1,HAND2,SERINC5,CREBRF,TP53INP1,HGSNAT,PGM2L1,POLL,ASPG,GABRB3,TRIM66,LDHD,PRR15L,NOD2,PPP1R14A,LY6D,GGT6,ZNF83,FTH1,LMBRD1,KIF5C,SFTPB,CLIC3,SIK2,KRT86,KRT4,STAT2,KRT13,NINJ2,ZNF217,LAMB2,SYNPO2,JUP,MARCH10,SLCO2A1,SEZ6L2,YPEL2,SOX11,ULK1,ODF3B,PCED1B,MUC16,ACBD4,ANKRD62,ATG9B,RFX7,UBE2E2,EXOC7,OTOP3,ODF3L1,B3GALT5,DNAH2,GPR173,PLA2G6,PTP4A3,EIF4ENIF1,GP1BA,FAM131C,PBX1,CYP4F3,ZSCAN30,BCAM,TLR5,RALGAPA2,FAM221A,LITAF,CLDN4,PNRC2,SPOCK3,SFTA2,GTF2IRD2,WDR45,LYPD2,ANKRD35,CNGA1,ZNF627,C6ORF89,MAGEA1,CDC42BPB,ZNF358,PNMA5,SREBF2,RAET1G,GPRIN2,RING1,TRIM31,ZFP57,MUC12,TMEM256,NYNRIN,GPX3,CCDC183,LTC4S,GPC2,GPSM3,DDAH2,IRF9,SH3D21,TNFRSF25,TSTD1,ADM5,SFTA3,TAPBP,ARHGEF38,ARHGDIG,CUX1,PPT2-EGFL8,MUC22,LINC00672,SMIM17,MAGIX,C17ORF50,HIST1H3A"
TF:M01865_1,1,True,0.0331,4206,683,191,0.28,0.045,TF:M01865_1,tf,17,   Factor: BTEB3; motif: BNRNGGGAGGNGT; match class: 1,1,"SARM1,THSD7A,KMT2E,VSIG2,RRAGD,USP2,PARP3,WWC3,NRIP2,SYNE2,MTA3,ERBB3,OTUD5,PLA2G10,SPTB,TESK2,TRPM5,LLGL2,NOTCH3,TEAD2,FOSL2,KIFAP3,SRCAP,BCKDHB,IGSF9,DNMT3B,FXYD3,YPEL3,NLRP1,JPH4,FBXL19,CIRBP,IZUMO4,ARVCF,CHKB,SOS2,SLC8A3,SMPD3,HCFC1R1,CTSH,UBE2W,FCGRT,PPP1R13L,NOVA2,ICAM5,MEGF8,DBP,HPN,VIPR2,PCOLCE,CDH23,FGF8,CPEB3,FBXL20,RAPGEFL1,RASD1,COL1A1,HDAC5,FAM20A,MDK,SCNN1A,RASAL1,ST8SIA1,FAM184A,DBN1,KAT2B,ACVR2B,VIPR1,FOXP1,APC2,TLX2,SLC9A2,MFAP2,USP35,IFI27L2,EPHX2,RDH10,HPCA,LRP1,BAZ2B,PREX1,SIRT5,ATXN1,CSTL1,EDN2,BCL11B,SPINK2,THEM6,TNNI2,RBBP8NL,ASS1,FMO5,XAF1,MACROD1,TMEM2,NKX2-1,ZFHX2,TRIM29,TET1,PDE5A,GABARAPL1,WDR93,SGSM2,CACNA1A,ATHL1,CBLC,XPR1,ETNK2,UNC80,KANSL1L,CAND2,ILDR1,RNF145,PNRC1,TMEM219,TCF7L1,ZNF837,CNTNAP4,NR4A2,UCHL1,FBRS,AFAP1L1,SHKBP1,COX6B2,PAQR6,SPSB3,HS3ST6,KLHDC9,FEV,CRELD1,EBF1,CREBRF,HGSNAT,CLDN3,AQP3,PGM2L1,AMOTL1,GABRB3,IQCD,TMC4,TMEM145,GGT6,ZNF83,LMBRD1,SPRY3,CLIC3,NINJ2,ZNF217,GOLGB1,CD7,JUP,SEZ6L2,SOX11,DPP7,ULK1,BEND2,SAMD12,TMEM187,SNX18,TMEM125,DAND5,RFX7,UBE2E2,KCNB2,C1ORF116,DNAH2,DUSP8,NOTUM,PBX1,KRT3,CYP4F3,ZSCAN30,BCAM,NHLRC3,BTBD8,SPOCK3,SFTA2,MAGEA1,RING1,LY6G6C,SPIRE2,TMEM256,GPSM3,DDAH2,TSTD1,ADM5,CT62,TAPBP,ARHGDIG,CFB,SLC6A14"
TF:M09729_1,1,True,0.000191,4630,683,219,0.321,0.047,TF:M09729_1,tf,20,   Factor: LUMAN; motif: CYCAGCYYCY; match class: 1,1,"HSPB6,NOS2,TRAPPC6A,CACNA2D2,PLEKHG6,TMEM159,GPRC5A,DEF6,RRAGD,BTN3A1,GRN,CYP46A1,USP2,PARP3,WWC3,SYNE2,MTA3,ERBB3,REEP1,PLA2G10,SPTB,GBA2,TRPM5,LLGL2,TEAD2,FOSL2,AGBL5,ITPKC,TMEM40,ARHGAP28,SLC4A11,FXYD3,LTBP4,YPEL3,NLRP1,JPH4,DSP,FBXL19,IZUMO4,PIK3IP1,HSF4,NDRG4,SMPD3,HCFC1R1,TSC2,CLCN7,BMF,UBE2W,FCGRT,KLC3,NOVA2,ICAM5,RABAC1,JAK3,HPN,VIPR2,FGF8,FBXL20,RASD1,COL1A1,HDAC5,ALDOC,MDK,SCNN1A,FAM184A,OPRM1,VIPR1,TLX2,PCYOX1,RARRES1,IFI27L2,TNN,SMAD9,HPCA,H2BFWT,PREX1,ATXN1,MYRF,BCL11B,A4GALT,APOBEC3A,CDKN1C,RBBP8NL,ZC3H4,NINJ1,MACROD1,HRASLS2,TNS3,NKX2-1,TM6SF1,CIB2,IL1RN,FXYD6,LOXL4,TET1,PDE5A,CCNG2,GRB7,CACNA1A,ZFP14,ATHL1,CBLC,MMEL1,HSPG2,ANXA9,SELENBP1,VASH2,ETNK2,THNSL2,CAND2,ZNF660,TMEM44,DGKQ,PNRC1,TMEM219,UBE3B,HSPB8,PSTPIP2,TCF7L1,FARP1,NR4A2,SLC7A7,ALS2CR12,FBRS,B3GNT7,CNNM4,DNAH3,ZDHHC1,SHKBP1,PAQR6,PTGER1,ACOT11,FBLIM1,IVL,ALPP,ALPPL2,ELF3,CRELD1,SERINC5,TP53INP1,AQP3,SLC39A2,PPP1R14D,GABRB3,IQCD,PRR15L,TMC4,DNAAF3,LY6D,GGT6,ZNF83,PCMTD1,SFTPB,CLIC3,ANKK1,ZNF217,RAB33B,LAMB2,JUP,PIFO,ADCY6,SLCO2A1,YPEL2,DPP7,ZDHHC13,SAMD12,BET1L,ODF3B,GRAMD1C,TMEM125,LYNX1,ACBD4,RFX7,ZNF708,EXOC7,MXRA7,PPP1R27,ODF3L1,B3GALT5,GPR173,DUSP8,SLC24A3,FAM131C,SYN3,CYP4F12,GCNT1,BCAM,TLR5,PALM3,RALGAPA2,SPOCK3,GTF2IRD2,ZNF700,WDR45,LYPD2,ZNF627,MAGEA1,CDC42BPB,SREBF2,RING1,LY6G6C,SPIRE2,NYNRIN,CCDC183,GPSM3,DDAH2,PPM1N,IRF9,SH3D21,TSTD1,NTF4,ZSCAN31,ARHGDIG,CFB,JMJD7,PPT2-EGFL8,LINC00672,SMIM17,MAGIX"
TF:M00084,1,True,0.00561,6539,683,282,0.413,0.043,TF:M00084,tf,2,   Factor: MZF-1; motif: KNGNKAGGGGNAA,1,"ICA1,SARM1,HSPB6,THSD7A,KMT2E,YBX2,SPATA20,ARSD,NOS2,MPND,TMEM159,CALCOCO1,GPRC5A,VSIG2,DEF6,RRAGD,POU2F2,CYP46A1,WWC3,SYNE2,MTA3,BCAS1,ERBB3,PDE4A,PLA2G10,SPTB,GBA2,TESK2,CDH19,FBXW11,KIFAP3,N4BP2,SRCAP,BCKDHB,IGSF9,DNMT3B,TMEM40,FXYD3,YPEL3,JPH4,DPYSL2,FBXL19,CIRBP,TTLL1,CHKB,SLC8A3,MAP1LC3A,USP11,VGLL1,MEDAG,SMPD3,PYCARD,CTSH,TGM5,DECR1,UBE2W,ASAH1,FCGRT,PPP1R13L,NOVA2,TJP3,ICAM5,RABAC1,DBP,HPN,PCOLCE,FBXW4,FGF8,CPEB3,FBXL15,FBXL20,RAPGEFL1,COL1A1,HDAC5,FAM20A,DNAJC4,MDK,SCNN1A,RASAL1,PTPN6,ST8SIA1,BVES,WISP3,DBN1,KAT2B,HHLA2,ACVR2B,FOXP1,TP53I3,APC2,TLX2,CDK18,MARC2,C1ORF54,IFI27L2,IFT43,EPHX2,ECHDC2,TNFSF10,HPCA,LRP1,H2BFWT,ATXN1,MYRF,TEKT3,CSTL1,FGD3,EDN2,BCL11B,TSPAN8,SPINK2,THEM6,TNNI2,RBBP8NL,ASS1,ZC3H4,C19ORF66,TMCC2,RARRES3,SORT1,VTCN1,GLUL,ARHGEF4,NKX2-1,ZFHX2,IL1RN,CCDC115,YIPF3,TRIM29,LOXL4,TET1,GABARAPL1,MBNL2,GRB7,CACNA1A,IFNAR1,CBLC,HSPG2,XPR1,RORC,RFX5,VASH2,GALM,THNSL2,GULP1,UNC80,KANSL1L,CAND2,ZNF660,ILDR1,CRHBP,RNF145,KLHL3,PRSS35,ADAM12,TMEM219,HNMT,UBE3B,ZSCAN1,ZNF837,CNTNAP4,NR4A2,ANGPT1,UCHL1,SLC7A7,FBXO32,FBRS,B3GNT7,LCA5L,DNAH3,SHKBP1,COX6B2,PAQR6,SPSB3,HS3ST6,GBP2,SPATA17,KIAA1841,FEV,CRELD1,S100P,HAND2,C9ORF84,CLDN3,PGM2L1,PPP1R14D,GABRB3,TRIM66,LDHD,PRR15L,TUBA1A,TMEM145,ZNF83,MGAT5B,ENTPD3,LMBRD1,SFTPB,SPRY3,KIAA1024,REPS2,SIK2,ANKK1,KRT86,KRT4,STAT2,ZNF415,FGG,LRRC34,ZNF217,RAB33B,LAMB2,ADCK5,CD7,JUP,PIFO,SLCO2A1,YPEL2,SOX11,ULK1,TMEM187,BET1L,DAND5,CITED4,TSHZ1,ATG9B,RFX7,ZNF708,UBE2E2,KCNB2,OTOP3,DNAH2,GPR173,DUSP8,GP1BA,PBX1,CYP4F3,EMID1,BCAM,TLR5,PALM3,ZSCAN23,RALGAPA2,DPYD,FAM221A,NHLRC3,LITAF,BTBD8,FAM53B,SPOCK3,SFTA2,ZNF471,GTF2IRD2,WDR45,LYPD2,MB,ZNF358,GPRIN2,RING1,ZFP57,SPIRE2,TMEM256,NYNRIN,LTC4S,GPSM3,DDAH2,SH3D21,TNFRSF25,TSTD1,ERCC6,TMEM229A,ARHGEF38,ARHGDIG,CFB,CRYBB2,CUX1,PPT2-EGFL8,MUC22,HPR,LINC00672,SMIM17,MAGIX,HIST1H4K"
TF:M00084_0,1,True,0.00561,6539,683,282,0.413,0.043,TF:M00084_0,tf,2,    Factor: MZF-1; motif: KNGNKAGGGGNAA; match class: 0,2,"ICA1,SARM1,HSPB6,THSD7A,KMT2E,YBX2,SPATA20,ARSD,NOS2,MPND,TMEM159,CALCOCO1,GPRC5A,VSIG2,DEF6,RRAGD,POU2F2,CYP46A1,WWC3,SYNE2,MTA3,BCAS1,ERBB3,PDE4A,PLA2G10,SPTB,GBA2,TESK2,CDH19,FBXW11,KIFAP3,N4BP2,SRCAP,BCKDHB,IGSF9,DNMT3B,TMEM40,FXYD3,YPEL3,JPH4,DPYSL2,FBXL19,CIRBP,TTLL1,CHKB,SLC8A3,MAP1LC3A,USP11,VGLL1,MEDAG,SMPD3,PYCARD,CTSH,TGM5,DECR1,UBE2W,ASAH1,FCGRT,PPP1R13L,NOVA2,TJP3,ICAM5,RABAC1,DBP,HPN,PCOLCE,FBXW4,FGF8,CPEB3,FBXL15,FBXL20,RAPGEFL1,COL1A1,HDAC5,FAM20A,DNAJC4,MDK,SCNN1A,RASAL1,PTPN6,ST8SIA1,BVES,WISP3,DBN1,KAT2B,HHLA2,ACVR2B,FOXP1,TP53I3,APC2,TLX2,CDK18,MARC2,C1ORF54,IFI27L2,IFT43,EPHX2,ECHDC2,TNFSF10,HPCA,LRP1,H2BFWT,ATXN1,MYRF,TEKT3,CSTL1,FGD3,EDN2,BCL11B,TSPAN8,SPINK2,THEM6,TNNI2,RBBP8NL,ASS1,ZC3H4,C19ORF66,TMCC2,RARRES3,SORT1,VTCN1,GLUL,ARHGEF4,NKX2-1,ZFHX2,IL1RN,CCDC115,YIPF3,TRIM29,LOXL4,TET1,GABARAPL1,MBNL2,GRB7,CACNA1A,IFNAR1,CBLC,HSPG2,XPR1,RORC,RFX5,VASH2,GALM,THNSL2,GULP1,UNC80,KANSL1L,CAND2,ZNF660,ILDR1,CRHBP,RNF145,KLHL3,PRSS35,ADAM12,TMEM219,HNMT,UBE3B,ZSCAN1,ZNF837,CNTNAP4,NR4A2,ANGPT1,UCHL1,SLC7A7,FBXO32,FBRS,B3GNT7,LCA5L,DNAH3,SHKBP1,COX6B2,PAQR6,SPSB3,HS3ST6,GBP2,SPATA17,KIAA1841,FEV,CRELD1,S100P,HAND2,C9ORF84,CLDN3,PGM2L1,PPP1R14D,GABRB3,TRIM66,LDHD,PRR15L,TUBA1A,TMEM145,ZNF83,MGAT5B,ENTPD3,LMBRD1,SFTPB,SPRY3,KIAA1024,REPS2,SIK2,ANKK1,KRT86,KRT4,STAT2,ZNF415,FGG,LRRC34,ZNF217,RAB33B,LAMB2,ADCK5,CD7,JUP,PIFO,SLCO2A1,YPEL2,SOX11,ULK1,TMEM187,BET1L,DAND5,CITED4,TSHZ1,ATG9B,RFX7,ZNF708,UBE2E2,KCNB2,OTOP3,DNAH2,GPR173,DUSP8,GP1BA,PBX1,CYP4F3,EMID1,BCAM,TLR5,PALM3,ZSCAN23,RALGAPA2,DPYD,FAM221A,NHLRC3,LITAF,BTBD8,FAM53B,SPOCK3,SFTA2,ZNF471,GTF2IRD2,WDR45,LYPD2,MB,ZNF358,GPRIN2,RING1,ZFP57,SPIRE2,TMEM256,NYNRIN,LTC4S,GPSM3,DDAH2,SH3D21,TNFRSF25,TSTD1,ERCC6,TMEM229A,ARHGEF38,ARHGDIG,CFB,CRYBB2,CUX1,PPT2-EGFL8,MUC22,HPR,LINC00672,SMIM17,MAGIX,HIST1H4K"
TF:M09738_1,1,True,0.0401,4803,683,213,0.312,0.044,TF:M09738_1,tf,14,   Factor: ZNF511; motif: GGRRGRGGCWGNG; match class: 1,1,"HSPB6,THSD7A,YBX2,PRSS21,PLEKHG6,MPND,POU2F2,CYP46A1,USP2,STAU2,PARP3,WWC3,SYNE2,MTA3,PARP12,CHI3L2,PDE4A,REEP1,PLA2G10,SPTB,FBXW11,RGS11,N4BP2,SRCAP,IGSF9,FXYD3,LTBP4,JPH4,FBXL19,CIRBP,IZUMO4,ARVCF,PIK3IP1,PPP1R16B,MAP1LC3A,USP11,MEDAG,HSF4,NDRG4,TSC2,CLCN7,CTSH,BMF,NOVA2,TJP3,MYH14,ICAM5,RABAC1,HPN,PCOLCE,RASSF4,CDH23,FBXL20,RAPGEFL1,RASD1,COL1A1,HDAC5,FAM20A,ALDOC,SCNN1A,PTPN6,FAM184A,KAT2B,KLHL24,VIPR1,FOXP1,TP53I3,APC2,TLX2,WNT6,PCYOX1,RRAGC,CDK18,RARRES1,ALDH6A1,SMAD9,EPHX2,ECHDC2,HPCA,LRP1,PREX1,SIRT5,ATXN1,MYRF,BCL11B,TMEM175,RBBP8NL,ASS1,ZC3H4,C19ORF66,GIMAP6,TMEM2,PRRG4,GLUL,ARHGEF4,NKX2-1,ZFHX2,CIB2,LOXL4,TET1,AMIGO2,WDR93,SGSM2,GRB7,CACNA1A,ZFP14,ATHL1,MMEL1,ANXA9,VASH2,UNC80,CAND2,ZNF660,TMEM44,RNF145,PNRC1,TMEM47,ADIRF,VAX1,FUOM,ADAM12,TM7SF2,TMEM219,TCF7L1,ZSCAN1,ZNF837,FARP1,UCHL1,ALS2CR12,FBXO32,FBRS,AFAP1L1,LCA5L,RALGDS,SHKBP1,PTGER1,LRRC56,HS3ST6,ALPP,LMOD3,FEV,CRELD1,S100P,HAND2,SERINC5,EBF1,CREBRF,TP53INP1,HGSNAT,CLDN3,AQP3,PGM2L1,KLHDC2,ASPG,GABRB3,PRR15L,TMEM145,LY6D,LMBRD1,ZNF608,SPRR1A,REPS2,ANKK1,ZNF217,LAMB2,ADCK5,JUP,SEZ6L2,ZNF135,SAMD12,TMEM187,BET1L,TMEM125,PCED1B,LYNX1,ATG9B,RFX7,UBE2E2,EXOC7,KCNB2,C1ORF116,GPR173,PTP4A3,EIF4ENIF1,SLC24A3,GP1BA,NOTUM,PBX1,SYN3,CYP4F12,CYP4F3,BCAM,ANKDD1B,CLDN4,BTBD8,LYPD2,ANKRD35,ZNF627,MAGEA1,UNC13B,CDC42BPB,ZNF358,PNMA5,SREBF2,NYNRIN,GPX3,DDAH2,IRF9,TNFRSF25,TMEM229A,HPR,MAGIX,C17ORF50"
TF:M00772,1,True,0.043,1055,683,63,0.092,0.06,TF:M00772,tf,12,   Factor: IRF; motif: RRAANTGAAASYGNV,1,"THSD7A,ARSD,CALCOCO1,BTN3A1,PARP3,GSDMB,ABCB1,ARHGAP28,CIRBP,TNFSF13B,PYCARD,DECR1,TJP3,ALDOC,MDK,WISP3,ECHDC2,TNFSF10,OR2B6,APOL2,RARRES3,HRASLS2,RSAD2,NREP,PRRG4,BAAT,ZMYND15,UNC80,CRHBP,KLHL3,PLEKHS1,TMEM219,KLRF1,CCDC102B,NR4A2,SLC7A7,KLHDC9,SLC9B1,TLR3,C15ORF48,LY6D,ENTPD3,VWA3B,LRRC34,SAMD9L,CSRNP3,SNX18,ZBTB20,RALGAPA2,SPOCK3,EVL,CDC42BPB,TRIM31,HEXA,GPSM3,LRRC69,APOL6,TAPBP,CNTF,CFB,CAPNS2,MUC22,SLC6A14"
TF:M00772_0,1,True,0.043,1055,683,63,0.092,0.06,TF:M00772_0,tf,12,    Factor: IRF; motif: RRAANTGAAASYGNV; match class: 0,2,"THSD7A,ARSD,CALCOCO1,BTN3A1,PARP3,GSDMB,ABCB1,ARHGAP28,CIRBP,TNFSF13B,PYCARD,DECR1,TJP3,ALDOC,MDK,WISP3,ECHDC2,TNFSF10,OR2B6,APOL2,RARRES3,HRASLS2,RSAD2,NREP,PRRG4,BAAT,ZMYND15,UNC80,CRHBP,KLHL3,PLEKHS1,TMEM219,KLRF1,CCDC102B,NR4A2,SLC7A7,KLHDC9,SLC9B1,TLR3,C15ORF48,LY6D,ENTPD3,VWA3B,LRRC34,SAMD9L,CSRNP3,SNX18,ZBTB20,RALGAPA2,SPOCK3,EVL,CDC42BPB,TRIM31,HEXA,GPSM3,LRRC69,APOL6,TAPBP,CNTF,CFB,CAPNS2,MUC22,SLC6A14"
TF:M09734,1,True,0.00997,11766,683,461,0.675,0.039,TF:M09734,tf,6,   Factor: ZNF692; motif: SYNGGSCCCASCCNC,1,"TSPAN6,ICA1,CFLAR,SARM1,HSPB6,THSD7A,YBX2,SPATA20,ARSD,PRSS21,NOS2,CACNA2D2,PLEKHG6,TMEM159,CALCOCO1,VSIG2,DEF6,RRAGD,POU2F2,GRN,CYP46A1,USP2,PARP3,WWC3,VAMP3,SYNE2,MTA3,BCAS1,ERBB3,PDE4A,OTUD5,REEP1,PLA2G10,SPTB,WIPI1,GBA2,TRPM5,ZFYVE26,LLGL2,GSDMB,NOTCH3,TEAD2,FOSL2,RGS11,N4BP2,SRCAP,PCDHA6,BCKDHB,AGBL5,IGSF9,B4GALT1,ITPKC,TMEM40,ARHGAP28,FXYD3,LTBP4,YPEL3,NLRP1,JPH4,DPYSL2,EFHC1,DSP,FBXL19,CIRBP,IZUMO4,ARVCF,RAB36,PMM1,PPP1R16B,MAP1LC3A,PCSK1N,USP11,TRADD,HSF4,NDRG4,SMPD3,HCFC1R1,TSC2,CLCN7,PYCARD,TMC5,CTSH,TGM5,SGK3,UBE2W,ASAH1,LIN7B,FCGRT,PPP1R13L,KLC3,LYL1,NOVA2,TJP3,DENND3,MYH14,ICAM5,RABAC1,MEGF8,DBP,JAK3,HPN,VIPR2,ZKSCAN1,MOSPD3,PCOLCE,CDH23,FBXW4,FGF8,FBXL15,FBXL20,RAPGEFL1,RASD1,COL1A1,HDAC5,FAM20A,ALDOC,TRIM2,P2RX3,FOLR1,MDK,SCNN1A,RASAL1,PTPN6,ST8SIA1,NCOA7,OPRM1,SAYSD1,BVES,PERP,DBN1,KAT2B,ACVR2B,VIPR1,FOXP1,TP53I3,APC2,TLX2,WNT6,AAK1,MFAP2,CDK18,TSPAN1,MARC2,C1ORF54,USP35,RARRES1,IFI27L2,IFT43,ALDH6A1,SLC10A7,SMAD9,EPHX2,RDH10,TNFSF10,HPCA,LRP1,DBH,BAZ2B,MXD4,NEURL2,SIRT5,ATXN1,MYRF,ALKBH7,FGD3,EDN2,BCL11B,TMEM175,APOL2,APOBEC3A,MYO5C,EAPP,CDKN1C,THEM6,TNNI2,RBBP8NL,ASS1,C19ORF66,NINJ1,RAB25,TMCC2,MACROD1,HRASLS2,WNT2B,DSC2,TMEM2,KHDC1,PRRG4,TSPAN31,GLUL,ARHGEF4,TNS3,NKX2-1,ZFHX2,TM6SF1,CIB2,LIMD2,CCDC115,IL11RA,FXYD6,LOXL4,TET1,CCNG2,AMIGO2,WDR93,SGSM2,GRB7,CACNA1A,IFITM3,ATHL1,IFNAR1,CBLC,TM4SF5,MMEL1,HSPG2,XPR1,RORC,RFX5,ANXA9,SELENBP1,VASH2,ETNK2,GALM,UNC80,KANSL1L,CAND2,TMEM44,ILDR1,DGKQ,CORIN,PRSS35,PNRC1,SLC12A9,TMEM47,ATP6V0D2,ADIRF,VAX1,FUOM,ADAM12,TMEM219,HNMT,UBE3B,PSTPIP2,TCF7L1,ZSCAN1,FARP1,ACOXL,UCHL1,SLC7A7,FBXO32,FBRS,B3GNT7,ZFYVE9,AFAP1L1,CNNM4,DNAH3,TGM7,RALGDS,PRMT2,SHKBP1,COX6B2,PAQR6,PTGER1,LRRC56,AMDHD2,PDZK1IP1,ACOT11,FBLIM1,KLHDC9,KIAA1841,IVL,ALPP,ALPPL2,FEV,IL17RE,IL17RC,CRELD1,S100P,ERMAP,SLC9B1,HAND2,HPGD,SERINC5,EBF1,CREBRF,DEFA6,TP53INP1,HGSNAT,CLDN3,AQP3,PGM2L1,SLC39A2,AMOTL1,PPP1R14D,POLL,ASPG,GABRB3,TRIM66,IQCD,LDHD,PRR15L,NOD2,TUBA1A,TMC4,TMEM145,PPP1R14A,DNAAF3,LY6D,ZNF83,MGAT5B,FTH1,ENTPD3,LMBRD1,KIF5C,PCMTD1,SFTPB,ZNF608,SPRY3,SPRR1A,CLIC3,REPS2,SIK2,KRT86,KRT4,STAT2,ZNF415,INSR,KRT13,NINJ2,ZNF217,RAB33B,LAMB2,SYNPO2,MANEA,CD7,JUP,MARCH10,ADCY6,SLCO2A1,SEZ6L2,YPEL2,ZNF135,SOX11,DPP7,ZDHHC13,ULK1,BEND2,SAMD12,TMEM187,BET1L,ODF3B,GRAMD1C,TMEM139,SNX18,TMEM125,DAND5,PCED1B,LYNX1,ACBD4,ANKRD62,RFX7,ZNF708,CREB3L2,UBE2E2,EXOC7,MXRA7,KCNB2,PPP1R27,C1ORF116,OTOP3,ODF3L1,B3GALT5,DNAH2,GPR173,TACSTD2,PLA2G6,PDE4B,EIF4ENIF1,SDR42E1,CA13,SLC24A3,GP1BA,NOTUM,FAM131C,PBX1,SYN3,CYP4F3,ZSCAN30,EMID1,GCNT1,BCAM,IFT140,TLR5,RINL,SERPINA5,RALGAPA2,DPYD,FAM221A,NHLRC3,LITAF,CLDN4,PNRC2,FAM53B,SPOCK3,SFTA2,GTF2IRD2,EVL,ZNF700,WDR45,LYPD2,PSAP,FAM109A,ANKRD35,CNGA1,ZNF627,MAGEA1,UNC13B,CDC42BPB,ZNF358,PNMA5,SREBF2,GPRIN2,RING1,TRIM31,ZFP57,SPIRE2,MUC12,TMEM256,NYNRIN,GPX3,CCDC183,LTC4S,GPC2,GPSM3,DDAH2,PPM1N,IRF9,SH3D21,TNFRSF25,TSTD1,CT62,NTF4,HSBP1L1,SFTA3,CYP21A2,TAPBP,ZSCAN31,ARHGDIG,CNTF,CFB,JMJD7,CHMP1B,CAPNS2,CUX1,PPT2-EGFL8,MUC22,SMIM17,MAGIX,C17ORF50,HIST1H4K,HIST1H3A"
TF:M09734_0,1,True,0.00997,11766,683,461,0.675,0.039,TF:M09734_0,tf,6,    Factor: ZNF692; motif: SYNGGSCCCASCCNC; match class: 0,2,"TSPAN6,ICA1,CFLAR,SARM1,HSPB6,THSD7A,YBX2,SPATA20,ARSD,PRSS21,NOS2,CACNA2D2,PLEKHG6,TMEM159,CALCOCO1,VSIG2,DEF6,RRAGD,POU2F2,GRN,CYP46A1,USP2,PARP3,WWC3,VAMP3,SYNE2,MTA3,BCAS1,ERBB3,PDE4A,OTUD5,REEP1,PLA2G10,SPTB,WIPI1,GBA2,TRPM5,ZFYVE26,LLGL2,GSDMB,NOTCH3,TEAD2,FOSL2,RGS11,N4BP2,SRCAP,PCDHA6,BCKDHB,AGBL5,IGSF9,B4GALT1,ITPKC,TMEM40,ARHGAP28,FXYD3,LTBP4,YPEL3,NLRP1,JPH4,DPYSL2,EFHC1,DSP,FBXL19,CIRBP,IZUMO4,ARVCF,RAB36,PMM1,PPP1R16B,MAP1LC3A,PCSK1N,USP11,TRADD,HSF4,NDRG4,SMPD3,HCFC1R1,TSC2,CLCN7,PYCARD,TMC5,CTSH,TGM5,SGK3,UBE2W,ASAH1,LIN7B,FCGRT,PPP1R13L,KLC3,LYL1,NOVA2,TJP3,DENND3,MYH14,ICAM5,RABAC1,MEGF8,DBP,JAK3,HPN,VIPR2,ZKSCAN1,MOSPD3,PCOLCE,CDH23,FBXW4,FGF8,FBXL15,FBXL20,RAPGEFL1,RASD1,COL1A1,HDAC5,FAM20A,ALDOC,TRIM2,P2RX3,FOLR1,MDK,SCNN1A,RASAL1,PTPN6,ST8SIA1,NCOA7,OPRM1,SAYSD1,BVES,PERP,DBN1,KAT2B,ACVR2B,VIPR1,FOXP1,TP53I3,APC2,TLX2,WNT6,AAK1,MFAP2,CDK18,TSPAN1,MARC2,C1ORF54,USP35,RARRES1,IFI27L2,IFT43,ALDH6A1,SLC10A7,SMAD9,EPHX2,RDH10,TNFSF10,HPCA,LRP1,DBH,BAZ2B,MXD4,NEURL2,SIRT5,ATXN1,MYRF,ALKBH7,FGD3,EDN2,BCL11B,TMEM175,APOL2,APOBEC3A,MYO5C,EAPP,CDKN1C,THEM6,TNNI2,RBBP8NL,ASS1,C19ORF66,NINJ1,RAB25,TMCC2,MACROD1,HRASLS2,WNT2B,DSC2,TMEM2,KHDC1,PRRG4,TSPAN31,GLUL,ARHGEF4,TNS3,NKX2-1,ZFHX2,TM6SF1,CIB2,LIMD2,CCDC115,IL11RA,FXYD6,LOXL4,TET1,CCNG2,AMIGO2,WDR93,SGSM2,GRB7,CACNA1A,IFITM3,ATHL1,IFNAR1,CBLC,TM4SF5,MMEL1,HSPG2,XPR1,RORC,RFX5,ANXA9,SELENBP1,VASH2,ETNK2,GALM,UNC80,KANSL1L,CAND2,TMEM44,ILDR1,DGKQ,CORIN,PRSS35,PNRC1,SLC12A9,TMEM47,ATP6V0D2,ADIRF,VAX1,FUOM,ADAM12,TMEM219,HNMT,UBE3B,PSTPIP2,TCF7L1,ZSCAN1,FARP1,ACOXL,UCHL1,SLC7A7,FBXO32,FBRS,B3GNT7,ZFYVE9,AFAP1L1,CNNM4,DNAH3,TGM7,RALGDS,PRMT2,SHKBP1,COX6B2,PAQR6,PTGER1,LRRC56,AMDHD2,PDZK1IP1,ACOT11,FBLIM1,KLHDC9,KIAA1841,IVL,ALPP,ALPPL2,FEV,IL17RE,IL17RC,CRELD1,S100P,ERMAP,SLC9B1,HAND2,HPGD,SERINC5,EBF1,CREBRF,DEFA6,TP53INP1,HGSNAT,CLDN3,AQP3,PGM2L1,SLC39A2,AMOTL1,PPP1R14D,POLL,ASPG,GABRB3,TRIM66,IQCD,LDHD,PRR15L,NOD2,TUBA1A,TMC4,TMEM145,PPP1R14A,DNAAF3,LY6D,ZNF83,MGAT5B,FTH1,ENTPD3,LMBRD1,KIF5C,PCMTD1,SFTPB,ZNF608,SPRY3,SPRR1A,CLIC3,REPS2,SIK2,KRT86,KRT4,STAT2,ZNF415,INSR,KRT13,NINJ2,ZNF217,RAB33B,LAMB2,SYNPO2,MANEA,CD7,JUP,MARCH10,ADCY6,SLCO2A1,SEZ6L2,YPEL2,ZNF135,SOX11,DPP7,ZDHHC13,ULK1,BEND2,SAMD12,TMEM187,BET1L,ODF3B,GRAMD1C,TMEM139,SNX18,TMEM125,DAND5,PCED1B,LYNX1,ACBD4,ANKRD62,RFX7,ZNF708,CREB3L2,UBE2E2,EXOC7,MXRA7,KCNB2,PPP1R27,C1ORF116,OTOP3,ODF3L1,B3GALT5,DNAH2,GPR173,TACSTD2,PLA2G6,PDE4B,EIF4ENIF1,SDR42E1,CA13,SLC24A3,GP1BA,NOTUM,FAM131C,PBX1,SYN3,CYP4F3,ZSCAN30,EMID1,GCNT1,BCAM,IFT140,TLR5,RINL,SERPINA5,RALGAPA2,DPYD,FAM221A,NHLRC3,LITAF,CLDN4,PNRC2,FAM53B,SPOCK3,SFTA2,GTF2IRD2,EVL,ZNF700,WDR45,LYPD2,PSAP,FAM109A,ANKRD35,CNGA1,ZNF627,MAGEA1,UNC13B,CDC42BPB,ZNF358,PNMA5,SREBF2,GPRIN2,RING1,TRIM31,ZFP57,SPIRE2,MUC12,TMEM256,NYNRIN,GPX3,CCDC183,LTC4S,GPC2,GPSM3,DDAH2,PPM1N,IRF9,SH3D21,TNFRSF25,TSTD1,CT62,NTF4,HSBP1L1,SFTA3,CYP21A2,TAPBP,ZSCAN31,ARHGDIG,CNTF,CFB,JMJD7,CHMP1B,CAPNS2,CUX1,PPT2-EGFL8,MUC22,SMIM17,MAGIX,C17ORF50,HIST1H4K,HIST1H3A"
TF:M09734_1,1,True,0.00111,6263,683,276,0.404,0.044,TF:M09734_1,tf,6,     Factor: ZNF692; motif: SYNGGSCCCASCCNC; match class: 1,3,"TSPAN6,CFLAR,SARM1,SPATA20,ARSD,NOS2,CACNA2D2,PLEKHG6,TMEM159,VSIG2,RRAGD,POU2F2,CYP46A1,USP2,PARP3,WWC3,VAMP3,SYNE2,MTA3,ERBB3,PDE4A,OTUD5,REEP1,PLA2G10,SPTB,WIPI1,GBA2,TRPM5,LLGL2,NOTCH3,FOSL2,RGS11,N4BP2,SRCAP,AGBL5,B4GALT1,TMEM40,LTBP4,JPH4,DPYSL2,EFHC1,FBXL19,CIRBP,IZUMO4,ARVCF,RAB36,PPP1R16B,MAP1LC3A,PCSK1N,TRADD,HSF4,NDRG4,SMPD3,HCFC1R1,CLCN7,PYCARD,CTSH,LIN7B,FCGRT,PPP1R13L,LYL1,NOVA2,DENND3,ICAM5,RABAC1,MEGF8,JAK3,HPN,VIPR2,ZKSCAN1,MOSPD3,FGF8,FBXL15,RAPGEFL1,RASD1,FAM20A,FOLR1,MDK,SCNN1A,RASAL1,PTPN6,ST8SIA1,BVES,DBN1,KAT2B,ACVR2B,VIPR1,FOXP1,TP53I3,APC2,MFAP2,CDK18,C1ORF54,USP35,RARRES1,SMAD9,RDH10,HPCA,LRP1,DBH,MXD4,NEURL2,SIRT5,ALKBH7,TMEM175,MYO5C,CDKN1C,TNNI2,RBBP8NL,NINJ1,TMCC2,WNT2B,DSC2,TMEM2,TSPAN31,GLUL,ARHGEF4,TNS3,NKX2-1,TM6SF1,LIMD2,CCDC115,FXYD6,LOXL4,CCNG2,WDR93,GRB7,CACNA1A,ATHL1,IFNAR1,CBLC,TM4SF5,MMEL1,HSPG2,XPR1,RFX5,SELENBP1,VASH2,ETNK2,KANSL1L,CAND2,ILDR1,DGKQ,PNRC1,SLC12A9,TMEM47,ADIRF,VAX1,FUOM,UBE3B,PSTPIP2,TCF7L1,ZSCAN1,FARP1,UCHL1,FBRS,B3GNT7,AFAP1L1,CNNM4,DNAH3,TGM7,RALGDS,SHKBP1,COX6B2,PTGER1,AMDHD2,KLHDC9,ALPP,ALPPL2,IL17RC,ERMAP,SLC9B1,HAND2,CREBRF,TP53INP1,HGSNAT,CLDN3,AQP3,ASPG,GABRB3,IQCD,NOD2,TMC4,TMEM145,PPP1R14A,LY6D,KIF5C,SFTPB,SPRY3,CLIC3,REPS2,SIK2,ZNF415,KRT13,ZNF217,RAB33B,LAMB2,SYNPO2,CD7,JUP,SLCO2A1,SEZ6L2,YPEL2,SOX11,ZDHHC13,ULK1,TMEM187,BET1L,ODF3B,GRAMD1C,SNX18,TMEM125,DAND5,PCED1B,LYNX1,ACBD4,ANKRD62,RFX7,EXOC7,PPP1R27,B3GALT5,GPR173,EIF4ENIF1,SLC24A3,GP1BA,NOTUM,FAM131C,PBX1,SYN3,CYP4F3,EMID1,GCNT1,BCAM,IFT140,TLR5,DPYD,LITAF,PNRC2,SPOCK3,GTF2IRD2,LYPD2,PSAP,ZNF627,MAGEA1,CDC42BPB,ZNF358,PNMA5,SREBF2,GPRIN2,RING1,ZFP57,MUC12,TMEM256,NYNRIN,GPX3,CCDC183,LTC4S,GPC2,GPSM3,DDAH2,PPM1N,IRF9,SH3D21,TNFRSF25,NTF4,SFTA3,CYP21A2,ARHGDIG,CFB,JMJD7,CUX1,PPT2-EGFL8,SMIM17,MAGIX,C17ORF50,HIST1H3A"
TF:M07294,1,True,0.0142,1353,683,78,0.114,0.058,TF:M07294,tf,8,   Factor: KLF8; motif: HMNDGGGTGT,1,"SPATA20,TRAPPC6A,CALCOCO1,VSIG2,BTN3A1,GRN,CYP46A1,PARP3,SYNE2,LTK,WIPI1,ALPK1,RGS11,SRCAP,OVGP1,NLRP1,JPH4,ARVCF,PMM1,TRADD,SGK3,ASAH1,FCGRT,MYH14,DBP,FBXL20,HDAC5,SAYSD1,KLHL24,APC2,WNT6,SLC9A2,PCYOX1,ALDH6A1,EPHX2,RDH10,ECHDC2,APOBEC3A,PTPRA,SORT1,TSPAN31,ZFHX2,SGSM2,CACNA1A,ATHL1,TMEM47,RALGDS,SHKBP1,IL17RC,AMOTL1,ASPG,OR51I1,TMC4,FTH1,CLIC3,KRT86,ODF3B,EXOC7,ODF3L1,PTP4A3,NOTUM,FAM131C,EMID1,FAM53B,SFTA2,KRT39,WDR45,LYPD2,FAM109A,ANKRD35,RAET1G,PCDHA4,SPIRE2,NYNRIN,LTC4S,GPC2,TNFRSF25,ERCC6"
TF:M07294_0,1,True,0.0142,1353,683,78,0.114,0.058,TF:M07294_0,tf,8,    Factor: KLF8; motif: HMNDGGGTGT; match class: 0,2,"SPATA20,TRAPPC6A,CALCOCO1,VSIG2,BTN3A1,GRN,CYP46A1,PARP3,SYNE2,LTK,WIPI1,ALPK1,RGS11,SRCAP,OVGP1,NLRP1,JPH4,ARVCF,PMM1,TRADD,SGK3,ASAH1,FCGRT,MYH14,DBP,FBXL20,HDAC5,SAYSD1,KLHL24,APC2,WNT6,SLC9A2,PCYOX1,ALDH6A1,EPHX2,RDH10,ECHDC2,APOBEC3A,PTPRA,SORT1,TSPAN31,ZFHX2,SGSM2,CACNA1A,ATHL1,TMEM47,RALGDS,SHKBP1,IL17RC,AMOTL1,ASPG,OR51I1,TMC4,FTH1,CLIC3,KRT86,ODF3B,EXOC7,ODF3L1,PTP4A3,NOTUM,FAM131C,EMID1,FAM53B,SFTA2,KRT39,WDR45,LYPD2,FAM109A,ANKRD35,RAET1G,PCDHA4,SPIRE2,NYNRIN,LTC4S,GPC2,TNFRSF25,ERCC6"
TF:M00749,1,True,0.0183,8658,683,354,0.518,0.041,TF:M00749,tf,1,   Factor: SREBP-1; motif: CACSCCA,1,"ICA1,CFLAR,SARM1,HSPB6,KMT2E,YBX2,SPATA20,CACNA2D2,PLEKHG6,MPND,IYD,CALCOCO1,GPRC5A,VSIG2,RRAGD,POU2F2,GRN,CYP46A1,PARP3,WWC3,MTA3,LTK,BCAS1,CHI3L2,PDE4A,OTUD5,REEP1,STON1-GTF2A1L,SPTB,WIPI1,TRPM5,FBXW11,ALPK1,NOTCH3,TEAD2,RGS11,PPP1R12B,MAP2,SRCAP,BCKDHB,OVGP1,B4GALT1,DNMT3B,TMEM40,IGBP1,FXYD3,LTBP4,NLRP1,ANGPT2,DPYSL2,BLNK,DSP,FBXL19,CIRBP,ARVCF,PIK3IP1,RAB36,SLC8A3,PPP1R16B,MAP1LC3A,CELF4,SLC35A2,PCSK1N,VGLL1,TRADD,HSF4,NDRG4,HCFC1R1,PYCARD,CTSH,BMF,SGK3,DECR1,LIN7B,FCGRT,PPP1R13L,KLC3,LYL1,NOVA2,KIR3DX1,DENND3,ICAM5,RABAC1,DBP,HPN,ZKSCAN1,MOSPD3,PCOLCE,RASSF4,CDH23,CPEB3,FBXL15,RAPGEFL1,RASD1,COL1A1,HDAC5,P2RX3,FOLR1,MDK,RASAL1,PTPN6,SAYSD1,PERP,DBN1,KAT2B,HHLA2,KLHL24,APC2,WNT6,SLC9A2,AAK1,PCYOX1,MFAP2,CDK18,TSPAN1,MARC2,C1ORF54,USP35,IFI27L2,IFT43,ALDH6A1,TNN,SMAD9,EPHX2,RDH10,ECHDC2,LRP1,HOXC11,DBH,H2BFWT,BAZ2B,MXD4,PREX1,SIRT5,ATXN1,FGD3,EDN2,A4GALT,APOBEC3A,SAT1,THEM6,TNNI2,RBBP8NL,ZC3H4,NINJ1,XAF1,MACROD1,RARRES3,CHIA,WNT2B,RSAD2,DSC2,TMEM2,KHDC1,GLUL,VILL,TNS3,NKX2-1,CIB2,LIMD2,IL11RA,YIPF3,MMP7,TMPRSS13,PDE5A,CCNG2,GRB7,ZFP14,IFITM3,ATHL1,CBLC,TM4SF5,MMEL1,HSPG2,XPR1,RORC,ANXA9,SELENBP1,VASH2,ETNK2,GULP1,CAND2,ZNF660,TMEM44,DGKQ,PRSS35,SLC12A9,FUOM,ADAM12,TM7SF2,TMEM219,UBE3B,HSPB8,PSTPIP2,ZSCAN1,ZNF837,FARP1,ACOXL,NR4A2,SLC7A7,FBRS,B3GNT7,WDR66,DNAH3,RALGDS,PRMT2,SHKBP1,COX6B2,PAQR6,PTGER1,LRRC56,HS3ST6,PDZK1IP1,ACOT11,FBLIM1,KLHDC9,IVL,ALPP,ELF3,IL17RC,CRELD1,S100P,SLC9B1,HAND2,SCGB3A2,DEFA6,HGSNAT,CLDN3,AQP3,PGM2L1,SLC39A2,AMOTL1,LDHD,PRR15L,NOD2,OR51I1,TMEM145,DNAAF3,LY6D,GGT6,MGAT5B,FTH1,ENTPD3,PCMTD1,VWA3B,SFTPB,SPRY3,GRM5,SPRR1A,CLIC3,REPS2,SIK2,ANKK1,KRT86,KRT4,STAT2,ZNF415,INSR,FGG,ZNF217,LAMB2,CD7,JUP,MARCH10,PIFO,ADCY6,SLCO2A1,YPEL2,ZNF135,DPP7,ZDHHC13,ULK1,BEND2,SAMD9L,SAMD12,BET1L,ODF3B,PCED1B,CITED4,LYNX1,ACBD4,ANKRD62,ATG9B,UBE2E2,KCNB2,PPP1R27,TCHHL1,OTOP3,ODF3L1,DNAH2,GPR173,PLA2G6,PTP4A3,EIF4ENIF1,GP1BA,LMLN,SYN3,CYP4F12,CYP4F3,ZSCAN30,EMID1,TLR5,PALM3,ZSCAN23,RALGAPA2,LITAF,CLDN4,PNRC2,SFTA2,WDR45,LYPD2,MB,MT1F,ANKRD35,ZNF627,MAGEA1,CDC42BPB,PNMA5,SREBF2,RAET1G,GPRIN2,LY6G6C,TRIM31,ZFP57,SPIRE2,TMEM256,NYNRIN,GPX3,CCDC183,LTC4S,GPC2,GPSM3,DDAH2,SH3D21,TNFRSF25,TSTD1,APOL6,NTF4,HSBP1L1,SFTA3,CYP21A2,TAPBP,ZSCAN31,ARHGEF38,ARHGDIG,CNTF,JMJD7,NPIPB11,CTSO,CUX1,PPT2-EGFL8,LINC00672,SMIM17,C17ORF50"
TF:M00749_0,1,True,0.0183,8658,683,354,0.518,0.041,TF:M00749_0,tf,1,    Factor: SREBP-1; motif: CACSCCA; match class: 0,2,"ICA1,CFLAR,SARM1,HSPB6,KMT2E,YBX2,SPATA20,CACNA2D2,PLEKHG6,MPND,IYD,CALCOCO1,GPRC5A,VSIG2,RRAGD,POU2F2,GRN,CYP46A1,PARP3,WWC3,MTA3,LTK,BCAS1,CHI3L2,PDE4A,OTUD5,REEP1,STON1-GTF2A1L,SPTB,WIPI1,TRPM5,FBXW11,ALPK1,NOTCH3,TEAD2,RGS11,PPP1R12B,MAP2,SRCAP,BCKDHB,OVGP1,B4GALT1,DNMT3B,TMEM40,IGBP1,FXYD3,LTBP4,NLRP1,ANGPT2,DPYSL2,BLNK,DSP,FBXL19,CIRBP,ARVCF,PIK3IP1,RAB36,SLC8A3,PPP1R16B,MAP1LC3A,CELF4,SLC35A2,PCSK1N,VGLL1,TRADD,HSF4,NDRG4,HCFC1R1,PYCARD,CTSH,BMF,SGK3,DECR1,LIN7B,FCGRT,PPP1R13L,KLC3,LYL1,NOVA2,KIR3DX1,DENND3,ICAM5,RABAC1,DBP,HPN,ZKSCAN1,MOSPD3,PCOLCE,RASSF4,CDH23,CPEB3,FBXL15,RAPGEFL1,RASD1,COL1A1,HDAC5,P2RX3,FOLR1,MDK,RASAL1,PTPN6,SAYSD1,PERP,DBN1,KAT2B,HHLA2,KLHL24,APC2,WNT6,SLC9A2,AAK1,PCYOX1,MFAP2,CDK18,TSPAN1,MARC2,C1ORF54,USP35,IFI27L2,IFT43,ALDH6A1,TNN,SMAD9,EPHX2,RDH10,ECHDC2,LRP1,HOXC11,DBH,H2BFWT,BAZ2B,MXD4,PREX1,SIRT5,ATXN1,FGD3,EDN2,A4GALT,APOBEC3A,SAT1,THEM6,TNNI2,RBBP8NL,ZC3H4,NINJ1,XAF1,MACROD1,RARRES3,CHIA,WNT2B,RSAD2,DSC2,TMEM2,KHDC1,GLUL,VILL,TNS3,NKX2-1,CIB2,LIMD2,IL11RA,YIPF3,MMP7,TMPRSS13,PDE5A,CCNG2,GRB7,ZFP14,IFITM3,ATHL1,CBLC,TM4SF5,MMEL1,HSPG2,XPR1,RORC,ANXA9,SELENBP1,VASH2,ETNK2,GULP1,CAND2,ZNF660,TMEM44,DGKQ,PRSS35,SLC12A9,FUOM,ADAM12,TM7SF2,TMEM219,UBE3B,HSPB8,PSTPIP2,ZSCAN1,ZNF837,FARP1,ACOXL,NR4A2,SLC7A7,FBRS,B3GNT7,WDR66,DNAH3,RALGDS,PRMT2,SHKBP1,COX6B2,PAQR6,PTGER1,LRRC56,HS3ST6,PDZK1IP1,ACOT11,FBLIM1,KLHDC9,IVL,ALPP,ELF3,IL17RC,CRELD1,S100P,SLC9B1,HAND2,SCGB3A2,DEFA6,HGSNAT,CLDN3,AQP3,PGM2L1,SLC39A2,AMOTL1,LDHD,PRR15L,NOD2,OR51I1,TMEM145,DNAAF3,LY6D,GGT6,MGAT5B,FTH1,ENTPD3,PCMTD1,VWA3B,SFTPB,SPRY3,GRM5,SPRR1A,CLIC3,REPS2,SIK2,ANKK1,KRT86,KRT4,STAT2,ZNF415,INSR,FGG,ZNF217,LAMB2,CD7,JUP,MARCH10,PIFO,ADCY6,SLCO2A1,YPEL2,ZNF135,DPP7,ZDHHC13,ULK1,BEND2,SAMD9L,SAMD12,BET1L,ODF3B,PCED1B,CITED4,LYNX1,ACBD4,ANKRD62,ATG9B,UBE2E2,KCNB2,PPP1R27,TCHHL1,OTOP3,ODF3L1,DNAH2,GPR173,PLA2G6,PTP4A3,EIF4ENIF1,GP1BA,LMLN,SYN3,CYP4F12,CYP4F3,ZSCAN30,EMID1,TLR5,PALM3,ZSCAN23,RALGAPA2,LITAF,CLDN4,PNRC2,SFTA2,WDR45,LYPD2,MB,MT1F,ANKRD35,ZNF627,MAGEA1,CDC42BPB,PNMA5,SREBF2,RAET1G,GPRIN2,LY6G6C,TRIM31,ZFP57,SPIRE2,TMEM256,NYNRIN,GPX3,CCDC183,LTC4S,GPC2,GPSM3,DDAH2,SH3D21,TNFRSF25,TSTD1,APOL6,NTF4,HSBP1L1,SFTA3,CYP21A2,TAPBP,ZSCAN31,ARHGEF38,ARHGDIG,CNTF,JMJD7,NPIPB11,CTSO,CUX1,PPT2-EGFL8,LINC00672,SMIM17,C17ORF50"
TF:M00444_1,1,True,0.00546,4512,683,207,0.303,0.046,TF:M00444_1,tf,7,   Factor: VDR; motif: GGGKNARNRRGGWSA; match class: 1,1,"TSPAN6,ICA1,KMT2E,SPATA20,PRSS21,CACNA2D2,PLEKHG6,TMEM159,RRAGD,POU2F2,CYP46A1,USP2,PARP3,SYNE2,MTA3,WISP2,PDE4A,SPTB,GBA2,TRPM5,TEAD2,FOSL2,RGS11,DNMT3B,TMEM40,FXYD3,LTBP4,JPH4,DSP,FBXL19,CIRBP,IZUMO4,ARVCF,SLC8A3,PPP1R16B,TRADD,NDRG4,SMPD3,PYCARD,FCGRT,LYL1,NOVA2,ICAM5,MEGF8,DBP,HPN,VIPR2,PCOLCE,FGF8,FBXL20,RAPGEFL1,FAM20A,MDK,SCNN1A,RASAL1,DBN1,KAT2B,KLHL24,FOXP1,TLX2,WNT6,AAK1,MFAP2,CDK18,C1ORF54,USP35,IFT43,ALDH6A1,HPCA,LRP1,HOXC11,MXD4,ATXN1,ALKBH7,EDN2,BCL11B,A4GALT,CDKN1C,SAT1,RBBP8NL,ZC3H4,C19ORF66,XAF1,MACROD1,WNT2B,VTCN1,PRRG4,VILL,NKX2-1,ZFHX2,LIMD2,FXYD6,LOXL4,TET1,GABARAPL1,WDR93,SGSM2,GRB7,CACNA1A,IFITM3,ATHL1,CBLC,MMEL1,HSPG2,XPR1,VASH2,ETNK2,CAND2,PRSS35,PNRC1,TMEM47,VAX1,ADAM12,FARP1,ACOXL,FBRS,ZFYVE9,PRMT2,SHKBP1,COX6B2,PAQR6,AMDHD2,ACOT11,FBLIM1,ALPP,ALPPL2,ELF3,FEV,IL17RE,HAND2,EBF1,CREBRF,POLL,TMEM41B,IQCD,NOD2,TMEM145,PPP1R14A,ENTPD3,LMBRD1,KIF5C,SFTPB,SPRY3,CLIC3,REPS2,SIK2,ANKK1,KRT86,STAT2,ZNF217,JUP,PIFO,SLCO2A1,SEZ6L2,YPEL2,SOX11,DPP7,ULK1,SAMD12,TMEM187,ODF3B,TSHZ1,ANKRD62,ATG9B,RFX7,UBE2E2,KCNB2,OTOP3,GPR173,PLA2G6,PTP4A3,SLC24A3,GP1BA,PBX1,SYN3,CYP4F12,CYP4F3,BCAM,ANKDD1B,LITAF,CLDN4,PNRC2,FAM53B,SPOCK3,GTF2IRD2,WDR45,CNGA1,MAGEA1,FAN1,CDC42BPB,PNMA5,SPIRE2,NYNRIN,CCDC183,GPSM3,DDAH2,APOL6,ADM5,ERCC6,HSBP1L1,TMEM229A,CUX1,PPT2-EGFL8,SLC6A14,SMIM17,MAGIX,C17ORF50"
TF:M07289,1,True,0.0346,14734,683,553,0.81,0.038,TF:M07289,tf,11,   Factor: GKLF; motif: NNNRGGNGNGGSN,1,"TSPAN6,ICA1,CFLAR,SARM1,HSPB6,THSD7A,KMT2E,YBX2,SPATA20,ARSD,CDKL3,PRSS21,NOS2,TRAPPC6A,CACNA2D2,PLEKHG6,MPND,TMEM159,CALCOCO1,GPRC5A,VSIG2,RRAGD,RTEL1-TNFRSF6B,POU2F2,GRN,CYP46A1,USP2,PARP3,WWC3,VAMP3,NNAT,NRIP2,SYNE2,MTA3,PARP12,LTK,WISP2,CHI3L2,ERBB3,PDE4A,OTUD5,REEP1,PLA2G10,SPTB,WIPI1,GBA2,ZFYVE26,FBXW11,ALPK1,LLGL2,NOTCH3,TEAD2,FOSL2,KIFAP3,RGS11,N4BP2,SRCAP,IMPG2,BCKDHB,AGBL5,IGSF9,ABCB1,B4GALT1,ITPKC,DNMT3B,TMEM40,SLC4A11,FXYD3,LTBP4,YPEL3,NLRP1,JPH4,DPYSL2,EFHC1,DSP,FBXL19,CIRBP,IZUMO4,ARVCF,PIK3IP1,TTLL1,CHKB,PMM1,SLC8A3,PPP1R16B,MAP1LC3A,CELF4,SLC35A2,PCSK1N,USP11,MEDAG,TRADD,HSF4,NDRG4,SMPD3,HCFC1R1,TSC2,CLCN7,PYCARD,TMC5,CTSH,BMF,SGK3,UBE2W,ASAH1,KCNA7,LIN7B,FCGRT,PPP1R13L,KLC3,LYL1,NOVA2,KIR3DX1,TJP3,DENND3,MYH14,ICAM5,RABAC1,MEGF8,DBP,JAK3,HPN,VIPR2,ZKSCAN1,MOSPD3,PCOLCE,RASSF4,CDH23,FBXW4,FGF8,CPEB3,FBXL15,FBXL20,RAPGEFL1,COL1A1,HDAC5,FAM20A,ALDOC,TRIM2,P2RX3,DNAJC4,MDK,SCNN1A,RASAL1,PTPN6,ST8SIA1,FAM184A,NCOA7,OPRM1,SAYSD1,DBN1,KAT2B,HHLA2,ACVR2B,KLHL24,PLCH1,VIPR1,FOXP1,TP53I3,APC2,TLX2,WNT6,SLC9A2,AAK1,RRAGC,MFAP2,CDK18,MARC2,C1ORF54,USP35,RARRES1,IFI27L2,ALDH6A1,SLC10A7,SMAD9,EPHX2,RDH10,ECHDC2,HPCA,ACADS,LRP1,HOXC11,DBH,BAZ2B,MXD4,PREX1,NEURL2,SIRT5,ATXN1,MYRF,ALKBH7,CSTL1,FGD3,EDN2,BCL11B,TSPAN8,TMEM175,SPINK2,A4GALT,APOL2,MYO5C,CDKN1C,SAT1,THEM6,TNNI2,RBBP8NL,ASS1,ZC3H4,C19ORF66,NINJ1,FMO5,XAF1,RAB25,TMCC2,MACROD1,HRASLS2,SEC14L4,SORT1,WNT2B,SPOCD1,DSC2,TMEM2,KHDC1,PRRG4,TSPAN31,GLUL,ARHGEF4,TNS3,NKX2-1,ZFHX2,CIB2,LIMD2,IL1RN,NIPSNAP3A,IL11RA,TRIM29,FXYD6,DBT,LOXL4,TET1,PDE5A,CCNG2,GABARAPL1,AMIGO2,WDR93,SGSM2,ZMYND15,GRB7,CACNA1A,ZFP14,IFITM3,ATHL1,IFNAR1,CBLC,TM4SF5,MMEL1,HSPG2,XPR1,RORC,RFX5,ANXA9,SELENBP1,VASH2,ETNK2,GALM,THNSL2,GULP1,UNC80,KANSL1L,CAND2,ZNF660,TMEM44,ILDR1,DGKQ,CORIN,SPATA9,RNF145,KLHL3,PRSS35,PNRC1,SLC2A12,SLC12A9,TMEM47,IGSF1,ADIRF,VAX1,FUOM,ADAM12,TM7SF2,TMEM219,ARID5B,HNMT,CCDC102B,UBE3B,HSPB8,PSTPIP2,TCF7L1,ZSCAN1,ZNF837,FARP1,CNTNAP4,ACOXL,NR4A2,UCHL1,SLC7A7,FBXO32,FBRS,B3GNT7,ZFYVE9,AFAP1L1,LCA5L,CNNM4,DNAH3,TGM7,ZDHHC1,RALGDS,PRMT2,SHKBP1,COX6B2,PAQR6,PTGER1,LRRC56,HS3ST6,AMDHD2,PDZK1IP1,ACOT11,FBLIM1,GBP2,KLHDC9,SPATA17,KIAA1841,IVL,ELF3,FEV,IL17RE,IL17RC,CRELD1,S100P,ERMAP,SLC9B1,HAND2,EBF1,ANKRA2,TLR3,CREBRF,TP53INP1,HGSNAT,C9ORF84,CLDN3,AQP3,PGM2L1,KLHDC2,SLC39A2,AMOTL1,POLL,ASPG,GABRB3,IQCD,LDHD,PRR15L,NOD2,TUBA1A,TMC4,TMEM145,PPP1R14A,DNAAF3,LY6D,GGT6,ZNF83,FTH1,ENTPD3,LMBRD1,KIF5C,VWA3B,SFTPB,ZNF608,SPRY3,KIAA1024,SPRR1A,CLIC3,REPS2,SIK2,ANKK1,KRT86,KRT4,STAT2,ZNF415,PDGFD,INSR,KRT9,LRRC34,NINJ2,ZNF217,RAB33B,LAMB2,MANEA,ADCK5,GOLGB1,CD7,JUP,MARCH10,PIFO,ADCY6,SLCO2A1,SEZ6L2,YPEL2,ZNF613,ZNF135,SOX11,DPP7,ZDHHC13,ULK1,BEND2,SAMD9L,SAMD12,TMEM187,BET1L,ODF3B,GRAMD1C,SNX18,TMEM125,DAND5,PCED1B,TSHZ1,ACBD4,ANKRD62,ATG9B,ZBTB20,RFX7,CREB3L2,UBE2E2,EXOC7,KCNB2,PPP1R27,C1ORF116,TCHHL1,OTOP3,ODF3L1,B3GALT5,DNAH2,GPR173,TACSTD2,PLA2G6,PTP4A3,DUSP8,PDE4B,EIF4ENIF1,SDR42E1,CA13,SLC24A3,GP1BA,NOTUM,FAM131C,LMLN,PBX1,SYN3,KRT3,CYP4F3,ZSCAN30,EMID1,BCAM,TLR5,PALM3,CYHR1,ZSCAN23,RINL,SERPINA5,RALGAPA2,DPYD,FAM221A,NHLRC3,ANKDD1B,LITAF,CLDN4,BTBD8,PNRC2,FAM53B,SPOCK3,SFTA2,GTF2IRD2,ZNF700,KRT39,WDR45,NEK5,LYPD2,PSAP,MB,FAM109A,MT1F,CNGA1,ZNF627,C6ORF89,MAGEA1,UNC13B,CDC42BPB,ZNF358,PNMA5,SREBF2,RAET1G,OOEP,GPRIN2,RING1,LY6G6C,TRIM31,ZFP57,SPIRE2,MUC12,TMEM256,NYNRIN,GPX3,CCDC183,LTC4S,GPC2,HEXA,GPSM3,DDAH2,PPM1N,IRF9,SH3D21,SPDYE3,TNFRSF25,TSTD1,APOL6,ADM5,CT62,NTF4,SFTA3,CYP21A2,TAPBP,TMEM229A,ZSCAN31,ARHGEF38,ARHGDIG,CNTF,CFB,JMJD7,CRYBB2,FMN1,ZNF324B,CHMP1B,CAPNS2,CUX1,PPT2-EGFL8,MUC22,HPR,LINC00672,AARSD1,SLC6A14,SMIM17,MAGIX,C17ORF50,HIST1H4K,HIST1H4F"
TF:M07289_0,1,True,0.0346,14734,683,553,0.81,0.038,TF:M07289_0,tf,11,    Factor: GKLF; motif: NNNRGGNGNGGSN; match class: 0,2,"TSPAN6,ICA1,CFLAR,SARM1,HSPB6,THSD7A,KMT2E,YBX2,SPATA20,ARSD,CDKL3,PRSS21,NOS2,TRAPPC6A,CACNA2D2,PLEKHG6,MPND,TMEM159,CALCOCO1,GPRC5A,VSIG2,RRAGD,RTEL1-TNFRSF6B,POU2F2,GRN,CYP46A1,USP2,PARP3,WWC3,VAMP3,NNAT,NRIP2,SYNE2,MTA3,PARP12,LTK,WISP2,CHI3L2,ERBB3,PDE4A,OTUD5,REEP1,PLA2G10,SPTB,WIPI1,GBA2,ZFYVE26,FBXW11,ALPK1,LLGL2,NOTCH3,TEAD2,FOSL2,KIFAP3,RGS11,N4BP2,SRCAP,IMPG2,BCKDHB,AGBL5,IGSF9,ABCB1,B4GALT1,ITPKC,DNMT3B,TMEM40,SLC4A11,FXYD3,LTBP4,YPEL3,NLRP1,JPH4,DPYSL2,EFHC1,DSP,FBXL19,CIRBP,IZUMO4,ARVCF,PIK3IP1,TTLL1,CHKB,PMM1,SLC8A3,PPP1R16B,MAP1LC3A,CELF4,SLC35A2,PCSK1N,USP11,MEDAG,TRADD,HSF4,NDRG4,SMPD3,HCFC1R1,TSC2,CLCN7,PYCARD,TMC5,CTSH,BMF,SGK3,UBE2W,ASAH1,KCNA7,LIN7B,FCGRT,PPP1R13L,KLC3,LYL1,NOVA2,KIR3DX1,TJP3,DENND3,MYH14,ICAM5,RABAC1,MEGF8,DBP,JAK3,HPN,VIPR2,ZKSCAN1,MOSPD3,PCOLCE,RASSF4,CDH23,FBXW4,FGF8,CPEB3,FBXL15,FBXL20,RAPGEFL1,COL1A1,HDAC5,FAM20A,ALDOC,TRIM2,P2RX3,DNAJC4,MDK,SCNN1A,RASAL1,PTPN6,ST8SIA1,FAM184A,NCOA7,OPRM1,SAYSD1,DBN1,KAT2B,HHLA2,ACVR2B,KLHL24,PLCH1,VIPR1,FOXP1,TP53I3,APC2,TLX2,WNT6,SLC9A2,AAK1,RRAGC,MFAP2,CDK18,MARC2,C1ORF54,USP35,RARRES1,IFI27L2,ALDH6A1,SLC10A7,SMAD9,EPHX2,RDH10,ECHDC2,HPCA,ACADS,LRP1,HOXC11,DBH,BAZ2B,MXD4,PREX1,NEURL2,SIRT5,ATXN1,MYRF,ALKBH7,CSTL1,FGD3,EDN2,BCL11B,TSPAN8,TMEM175,SPINK2,A4GALT,APOL2,MYO5C,CDKN1C,SAT1,THEM6,TNNI2,RBBP8NL,ASS1,ZC3H4,C19ORF66,NINJ1,FMO5,XAF1,RAB25,TMCC2,MACROD1,HRASLS2,SEC14L4,SORT1,WNT2B,SPOCD1,DSC2,TMEM2,KHDC1,PRRG4,TSPAN31,GLUL,ARHGEF4,TNS3,NKX2-1,ZFHX2,CIB2,LIMD2,IL1RN,NIPSNAP3A,IL11RA,TRIM29,FXYD6,DBT,LOXL4,TET1,PDE5A,CCNG2,GABARAPL1,AMIGO2,WDR93,SGSM2,ZMYND15,GRB7,CACNA1A,ZFP14,IFITM3,ATHL1,IFNAR1,CBLC,TM4SF5,MMEL1,HSPG2,XPR1,RORC,RFX5,ANXA9,SELENBP1,VASH2,ETNK2,GALM,THNSL2,GULP1,UNC80,KANSL1L,CAND2,ZNF660,TMEM44,ILDR1,DGKQ,CORIN,SPATA9,RNF145,KLHL3,PRSS35,PNRC1,SLC2A12,SLC12A9,TMEM47,IGSF1,ADIRF,VAX1,FUOM,ADAM12,TM7SF2,TMEM219,ARID5B,HNMT,CCDC102B,UBE3B,HSPB8,PSTPIP2,TCF7L1,ZSCAN1,ZNF837,FARP1,CNTNAP4,ACOXL,NR4A2,UCHL1,SLC7A7,FBXO32,FBRS,B3GNT7,ZFYVE9,AFAP1L1,LCA5L,CNNM4,DNAH3,TGM7,ZDHHC1,RALGDS,PRMT2,SHKBP1,COX6B2,PAQR6,PTGER1,LRRC56,HS3ST6,AMDHD2,PDZK1IP1,ACOT11,FBLIM1,GBP2,KLHDC9,SPATA17,KIAA1841,IVL,ELF3,FEV,IL17RE,IL17RC,CRELD1,S100P,ERMAP,SLC9B1,HAND2,EBF1,ANKRA2,TLR3,CREBRF,TP53INP1,HGSNAT,C9ORF84,CLDN3,AQP3,PGM2L1,KLHDC2,SLC39A2,AMOTL1,POLL,ASPG,GABRB3,IQCD,LDHD,PRR15L,NOD2,TUBA1A,TMC4,TMEM145,PPP1R14A,DNAAF3,LY6D,GGT6,ZNF83,FTH1,ENTPD3,LMBRD1,KIF5C,VWA3B,SFTPB,ZNF608,SPRY3,KIAA1024,SPRR1A,CLIC3,REPS2,SIK2,ANKK1,KRT86,KRT4,STAT2,ZNF415,PDGFD,INSR,KRT9,LRRC34,NINJ2,ZNF217,RAB33B,LAMB2,MANEA,ADCK5,GOLGB1,CD7,JUP,MARCH10,PIFO,ADCY6,SLCO2A1,SEZ6L2,YPEL2,ZNF613,ZNF135,SOX11,DPP7,ZDHHC13,ULK1,BEND2,SAMD9L,SAMD12,TMEM187,BET1L,ODF3B,GRAMD1C,SNX18,TMEM125,DAND5,PCED1B,TSHZ1,ACBD4,ANKRD62,ATG9B,ZBTB20,RFX7,CREB3L2,UBE2E2,EXOC7,KCNB2,PPP1R27,C1ORF116,TCHHL1,OTOP3,ODF3L1,B3GALT5,DNAH2,GPR173,TACSTD2,PLA2G6,PTP4A3,DUSP8,PDE4B,EIF4ENIF1,SDR42E1,CA13,SLC24A3,GP1BA,NOTUM,FAM131C,LMLN,PBX1,SYN3,KRT3,CYP4F3,ZSCAN30,EMID1,BCAM,TLR5,PALM3,CYHR1,ZSCAN23,RINL,SERPINA5,RALGAPA2,DPYD,FAM221A,NHLRC3,ANKDD1B,LITAF,CLDN4,BTBD8,PNRC2,FAM53B,SPOCK3,SFTA2,GTF2IRD2,ZNF700,KRT39,WDR45,NEK5,LYPD2,PSAP,MB,FAM109A,MT1F,CNGA1,ZNF627,C6ORF89,MAGEA1,UNC13B,CDC42BPB,ZNF358,PNMA5,SREBF2,RAET1G,OOEP,GPRIN2,RING1,LY6G6C,TRIM31,ZFP57,SPIRE2,MUC12,TMEM256,NYNRIN,GPX3,CCDC183,LTC4S,GPC2,HEXA,GPSM3,DDAH2,PPM1N,IRF9,SH3D21,SPDYE3,TNFRSF25,TSTD1,APOL6,ADM5,CT62,NTF4,SFTA3,CYP21A2,TAPBP,TMEM229A,ZSCAN31,ARHGEF38,ARHGDIG,CNTF,CFB,JMJD7,CRYBB2,FMN1,ZNF324B,CHMP1B,CAPNS2,CUX1,PPT2-EGFL8,MUC22,HPR,LINC00672,AARSD1,SLC6A14,SMIM17,MAGIX,C17ORF50,HIST1H4K,HIST1H4F"
TF:M07289_1,1,True,0.00447,10592,683,424,0.621,0.04,TF:M07289_1,tf,11,     Factor: GKLF; motif: NNNRGGNGNGGSN; match class: 1,3,"TSPAN6,ICA1,SARM1,HSPB6,KMT2E,YBX2,SPATA20,ARSD,CDKL3,NOS2,CACNA2D2,PLEKHG6,TMEM159,CALCOCO1,GPRC5A,VSIG2,RRAGD,POU2F2,CYP46A1,USP2,PARP3,WWC3,VAMP3,NRIP2,SYNE2,MTA3,WISP2,CHI3L2,ERBB3,PDE4A,OTUD5,REEP1,PLA2G10,SPTB,WIPI1,GBA2,ZFYVE26,FBXW11,LLGL2,NOTCH3,TEAD2,FOSL2,RGS11,N4BP2,SRCAP,BCKDHB,IGSF9,B4GALT1,ITPKC,DNMT3B,TMEM40,SLC4A11,FXYD3,LTBP4,YPEL3,NLRP1,JPH4,DPYSL2,EFHC1,FBXL19,CIRBP,IZUMO4,ARVCF,TTLL1,CHKB,SLC8A3,PPP1R16B,MAP1LC3A,CELF4,SLC35A2,PCSK1N,USP11,MEDAG,TRADD,HSF4,NDRG4,SMPD3,HCFC1R1,CLCN7,PYCARD,CTSH,BMF,SGK3,UBE2W,ASAH1,KCNA7,LIN7B,FCGRT,PPP1R13L,KLC3,LYL1,NOVA2,TJP3,DENND3,MYH14,ICAM5,MEGF8,DBP,HPN,VIPR2,ZKSCAN1,MOSPD3,PCOLCE,RASSF4,CDH23,FGF8,CPEB3,FBXL15,FBXL20,RAPGEFL1,COL1A1,HDAC5,FAM20A,ALDOC,P2RX3,DNAJC4,MDK,SCNN1A,RASAL1,ST8SIA1,OPRM1,DBN1,KAT2B,ACVR2B,KLHL24,PLCH1,VIPR1,FOXP1,TP53I3,APC2,TLX2,WNT6,SLC9A2,AAK1,RRAGC,MFAP2,CDK18,C1ORF54,USP35,RARRES1,IFI27L2,ALDH6A1,SLC10A7,SMAD9,EPHX2,RDH10,ECHDC2,HPCA,LRP1,DBH,MXD4,PREX1,NEURL2,SIRT5,ATXN1,MYRF,ALKBH7,EDN2,BCL11B,TMEM175,SPINK2,CDKN1C,SAT1,THEM6,TNNI2,RBBP8NL,ASS1,ZC3H4,C19ORF66,NINJ1,XAF1,RAB25,TMCC2,MACROD1,SEC14L4,SORT1,WNT2B,SPOCD1,DSC2,TMEM2,KHDC1,TSPAN31,GLUL,ARHGEF4,TNS3,NKX2-1,ZFHX2,CIB2,LIMD2,IL11RA,FXYD6,LOXL4,TET1,PDE5A,CCNG2,AMIGO2,SGSM2,ZMYND15,GRB7,CACNA1A,ZFP14,IFITM3,ATHL1,CBLC,MMEL1,HSPG2,XPR1,RORC,RFX5,ANXA9,SELENBP1,ETNK2,GULP1,UNC80,KANSL1L,CAND2,TMEM44,KLHL3,PRSS35,PNRC1,SLC12A9,TMEM47,IGSF1,ADIRF,VAX1,FUOM,ADAM12,TMEM219,ARID5B,UBE3B,PSTPIP2,TCF7L1,ZSCAN1,ZNF837,FARP1,CNTNAP4,ACOXL,NR4A2,UCHL1,SLC7A7,FBRS,B3GNT7,ZFYVE9,AFAP1L1,CNNM4,DNAH3,TGM7,ZDHHC1,RALGDS,PRMT2,SHKBP1,COX6B2,PAQR6,PTGER1,LRRC56,HS3ST6,AMDHD2,PDZK1IP1,FBLIM1,SPATA17,KIAA1841,IVL,FEV,IL17RE,IL17RC,CRELD1,S100P,SLC9B1,HAND2,EBF1,ANKRA2,CREBRF,TP53INP1,HGSNAT,C9ORF84,CLDN3,AQP3,PGM2L1,POLL,ASPG,GABRB3,LDHD,PRR15L,NOD2,TUBA1A,TMC4,TMEM145,PPP1R14A,DNAAF3,LY6D,ZNF83,FTH1,ENTPD3,LMBRD1,KIF5C,ZNF608,SPRY3,KIAA1024,CLIC3,REPS2,SIK2,ANKK1,KRT86,STAT2,ZNF415,PDGFD,INSR,KRT9,LRRC34,NINJ2,ZNF217,LAMB2,ADCK5,GOLGB1,CD7,JUP,PIFO,SLCO2A1,SEZ6L2,YPEL2,ZNF135,SOX11,DPP7,ZDHHC13,ULK1,SAMD12,TMEM187,ODF3B,TMEM125,DAND5,PCED1B,TSHZ1,ACBD4,ANKRD62,ATG9B,RFX7,CREB3L2,UBE2E2,EXOC7,KCNB2,PPP1R27,TCHHL1,OTOP3,ODF3L1,B3GALT5,DNAH2,GPR173,PTP4A3,PDE4B,EIF4ENIF1,SDR42E1,SLC24A3,GP1BA,NOTUM,FAM131C,PBX1,SYN3,CYP4F3,ZSCAN30,EMID1,BCAM,TLR5,PALM3,CYHR1,ZSCAN23,SERPINA5,DPYD,FAM221A,ANKDD1B,LITAF,CLDN4,PNRC2,FAM53B,SPOCK3,SFTA2,GTF2IRD2,ZNF700,WDR45,LYPD2,MB,FAM109A,CNGA1,ZNF627,C6ORF89,MAGEA1,CDC42BPB,ZNF358,PNMA5,SREBF2,GPRIN2,RING1,TRIM31,ZFP57,SPIRE2,MUC12,TMEM256,NYNRIN,GPX3,CCDC183,LTC4S,GPC2,GPSM3,DDAH2,IRF9,TNFRSF25,TSTD1,ADM5,CT62,NTF4,SFTA3,CYP21A2,TAPBP,TMEM229A,ZSCAN31,ARHGDIG,CNTF,JMJD7,ZNF324B,CAPNS2,CUX1,LINC00672,SMIM17,MAGIX,C17ORF50"
TF:M07461,1,True,0.0117,8795,683,360,0.527,0.041,TF:M07461,tf,4,   Factor: KLF; motif: GGGNGGGG,1,"TSPAN6,ICA1,CFLAR,SARM1,HSPB6,SPATA20,ARSD,PRSS21,NOS2,CACNA2D2,PLEKHG6,TMEM159,CALCOCO1,RRAGD,POU2F2,CYP46A1,USP2,PARP3,WWC3,VAMP3,SYNE2,MTA3,LTK,WISP2,ERBB3,PDE4A,OTUD5,REEP1,STON1-GTF2A1L,SPTB,WIPI1,GBA2,TRPM5,LLGL2,GSDMB,NOTCH3,TEAD2,RGS11,N4BP2,SRCAP,BCKDHB,IGSF9,DNMT3B,FXYD3,LTBP4,YPEL3,NLRP1,JPH4,DPYSL2,BLNK,EFHC1,DSP,FBXL19,CIRBP,IZUMO4,ARVCF,RAB36,SLC8A3,PPP1R16B,MAP1LC3A,CELF4,SLC35A2,PCSK1N,TRADD,HSF4,NDRG4,SMPD3,HCFC1R1,CLCN7,PYCARD,TMC5,UBE2W,FCGRT,PPP1R13L,KLC3,LYL1,NOVA2,TJP3,DENND3,ICAM5,RABAC1,DBP,JAK3,HPN,VIPR2,ZKSCAN1,MOSPD3,PCOLCE,CDH23,FGF8,FBXL15,FBXL20,RAPGEFL1,RASD1,COL1A1,HDAC5,FAM20A,P2RX3,DNAJC4,FOLR1,MDK,SCNN1A,RASAL1,ST8SIA1,OPRM1,PERP,WISP3,DBN1,KAT2B,HHLA2,ACVR2B,PLCH1,VIPR1,FOXP1,TP53I3,TLX2,WNT6,AAK1,MFAP2,CDK18,TSPAN1,MARC2,C1ORF54,USP35,IFI27L2,IFT43,ALDH6A1,SMAD9,ECHDC2,TNFSF10,HPCA,LRP1,HOXC11,MXD4,SIRT5,ATXN1,MYRF,EDN2,TMEM175,A4GALT,APOBEC3A,EAPP,CDKN1C,TNNI2,RBBP8NL,ZC3H4,C19ORF66,XAF1,TMCC2,MACROD1,WNT2B,SPOCD1,DSC2,TMEM2,TSPAN31,GLUL,ARHGEF4,VILL,TNS3,NKX2-1,LIMD2,IL1RN,IL11RA,YIPF3,TET1,CCNG2,AMIGO2,SGSM2,GRB7,CACNA1A,IFITM3,ATHL1,CBLC,TM4SF5,MMEL1,XPR1,RORC,RFX5,SELENBP1,VASH2,ETNK2,UNC80,KANSL1L,TMEM44,ILDR1,DGKQ,CORIN,PRSS35,PNRC1,SLC12A9,ADIRF,VAX1,ADAM12,TMEM219,HNMT,UBE3B,HSPB8,PSTPIP2,ZSCAN1,FARP1,NR4A2,UCHL1,FBRS,B3GNT7,ZFYVE9,DNAH3,TGM7,RALGDS,SHKBP1,COX6B2,PAQR6,PTGER1,LRRC56,SPSB3,HS3ST6,AMDHD2,PDZK1IP1,FBLIM1,KLHDC9,KIAA1841,IVL,FEV,IL17RC,CRELD1,SLC9B1,HAND2,EBF1,CREBRF,PGM2L1,AMOTL1,POLL,ASPG,GABRB3,TMEM41B,LDHD,PRR15L,NOD2,TUBA1A,TMEM145,PPP1R14A,LY6D,GGT6,FTH1,LMBRD1,KIF5C,ZNF608,SPRY3,SPRR1A,CLIC3,REPS2,SIK2,KRT86,KRT4,STAT2,ZNF415,INSR,KRT13,NINJ2,ZNF217,LAMB2,MANEA,CD7,JUP,MARCH10,PIFO,ADCY6,SLCO2A1,SEZ6L2,YPEL2,SOX11,ZDHHC13,ULK1,TMEM187,BET1L,ODF3B,TMEM139,PCED1B,ACBD4,ANKRD62,ATG9B,RFX7,UBE2E2,EXOC7,C1ORF116,ODF3L1,B3GALT5,DNAH2,GPR173,PTP4A3,PDE4B,EIF4ENIF1,SDR42E1,GP1BA,NOTUM,FAM131C,PBX1,CYP4F3,ZSCAN30,BCAM,TLR5,ZSCAN23,SERPINA5,DPYD,FAM221A,LITAF,PNRC2,FAM53B,SPOCK3,SFTA2,GTF2IRD2,WDR45,NEK5,LYPD2,C14ORF178,MB,ANKRD35,CNGA1,ZNF627,C6ORF89,MAGEA1,CDC42BPB,ZNF358,PNMA5,GPRIN2,RING1,TRIM31,ZFP57,SPIRE2,MUC12,TMEM256,NYNRIN,GPX3,CCDC183,LTC4S,GPC2,HEXA,GPSM3,DDAH2,PPM1N,IRF9,SH3D21,TNFRSF25,TSTD1,NTF4,SFTA3,TAPBP,ARHGEF38,ARHGDIG,CNTF,JMJD7,CRYBB2,CHMP1B,CAPNS2,CUX1,PPT2-EGFL8,MUC22,SMIM17,MAGIX,C17ORF50,HIST1H3A"
TF:M07461_0,1,True,0.0117,8795,683,360,0.527,0.041,TF:M07461_0,tf,4,    Factor: KLF; motif: GGGNGGGG; match class: 0,2,"TSPAN6,ICA1,CFLAR,SARM1,HSPB6,SPATA20,ARSD,PRSS21,NOS2,CACNA2D2,PLEKHG6,TMEM159,CALCOCO1,RRAGD,POU2F2,CYP46A1,USP2,PARP3,WWC3,VAMP3,SYNE2,MTA3,LTK,WISP2,ERBB3,PDE4A,OTUD5,REEP1,STON1-GTF2A1L,SPTB,WIPI1,GBA2,TRPM5,LLGL2,GSDMB,NOTCH3,TEAD2,RGS11,N4BP2,SRCAP,BCKDHB,IGSF9,DNMT3B,FXYD3,LTBP4,YPEL3,NLRP1,JPH4,DPYSL2,BLNK,EFHC1,DSP,FBXL19,CIRBP,IZUMO4,ARVCF,RAB36,SLC8A3,PPP1R16B,MAP1LC3A,CELF4,SLC35A2,PCSK1N,TRADD,HSF4,NDRG4,SMPD3,HCFC1R1,CLCN7,PYCARD,TMC5,UBE2W,FCGRT,PPP1R13L,KLC3,LYL1,NOVA2,TJP3,DENND3,ICAM5,RABAC1,DBP,JAK3,HPN,VIPR2,ZKSCAN1,MOSPD3,PCOLCE,CDH23,FGF8,FBXL15,FBXL20,RAPGEFL1,RASD1,COL1A1,HDAC5,FAM20A,P2RX3,DNAJC4,FOLR1,MDK,SCNN1A,RASAL1,ST8SIA1,OPRM1,PERP,WISP3,DBN1,KAT2B,HHLA2,ACVR2B,PLCH1,VIPR1,FOXP1,TP53I3,TLX2,WNT6,AAK1,MFAP2,CDK18,TSPAN1,MARC2,C1ORF54,USP35,IFI27L2,IFT43,ALDH6A1,SMAD9,ECHDC2,TNFSF10,HPCA,LRP1,HOXC11,MXD4,SIRT5,ATXN1,MYRF,EDN2,TMEM175,A4GALT,APOBEC3A,EAPP,CDKN1C,TNNI2,RBBP8NL,ZC3H4,C19ORF66,XAF1,TMCC2,MACROD1,WNT2B,SPOCD1,DSC2,TMEM2,TSPAN31,GLUL,ARHGEF4,VILL,TNS3,NKX2-1,LIMD2,IL1RN,IL11RA,YIPF3,TET1,CCNG2,AMIGO2,SGSM2,GRB7,CACNA1A,IFITM3,ATHL1,CBLC,TM4SF5,MMEL1,XPR1,RORC,RFX5,SELENBP1,VASH2,ETNK2,UNC80,KANSL1L,TMEM44,ILDR1,DGKQ,CORIN,PRSS35,PNRC1,SLC12A9,ADIRF,VAX1,ADAM12,TMEM219,HNMT,UBE3B,HSPB8,PSTPIP2,ZSCAN1,FARP1,NR4A2,UCHL1,FBRS,B3GNT7,ZFYVE9,DNAH3,TGM7,RALGDS,SHKBP1,COX6B2,PAQR6,PTGER1,LRRC56,SPSB3,HS3ST6,AMDHD2,PDZK1IP1,FBLIM1,KLHDC9,KIAA1841,IVL,FEV,IL17RC,CRELD1,SLC9B1,HAND2,EBF1,CREBRF,PGM2L1,AMOTL1,POLL,ASPG,GABRB3,TMEM41B,LDHD,PRR15L,NOD2,TUBA1A,TMEM145,PPP1R14A,LY6D,GGT6,FTH1,LMBRD1,KIF5C,ZNF608,SPRY3,SPRR1A,CLIC3,REPS2,SIK2,KRT86,KRT4,STAT2,ZNF415,INSR,KRT13,NINJ2,ZNF217,LAMB2,MANEA,CD7,JUP,MARCH10,PIFO,ADCY6,SLCO2A1,SEZ6L2,YPEL2,SOX11,ZDHHC13,ULK1,TMEM187,BET1L,ODF3B,TMEM139,PCED1B,ACBD4,ANKRD62,ATG9B,RFX7,UBE2E2,EXOC7,C1ORF116,ODF3L1,B3GALT5,DNAH2,GPR173,PTP4A3,PDE4B,EIF4ENIF1,SDR42E1,GP1BA,NOTUM,FAM131C,PBX1,CYP4F3,ZSCAN30,BCAM,TLR5,ZSCAN23,SERPINA5,DPYD,FAM221A,LITAF,PNRC2,FAM53B,SPOCK3,SFTA2,GTF2IRD2,WDR45,NEK5,LYPD2,C14ORF178,MB,ANKRD35,CNGA1,ZNF627,C6ORF89,MAGEA1,CDC42BPB,ZNF358,PNMA5,GPRIN2,RING1,TRIM31,ZFP57,SPIRE2,MUC12,TMEM256,NYNRIN,GPX3,CCDC183,LTC4S,GPC2,HEXA,GPSM3,DDAH2,PPM1N,IRF9,SH3D21,TNFRSF25,TSTD1,NTF4,SFTA3,TAPBP,ARHGEF38,ARHGDIG,CNTF,JMJD7,CRYBB2,CHMP1B,CAPNS2,CUX1,PPT2-EGFL8,MUC22,SMIM17,MAGIX,C17ORF50,HIST1H3A"
TF:M07461_1,1,True,0.0277,3414,683,161,0.236,0.047,TF:M07461_1,tf,4,     Factor: KLF; motif: GGGNGGGG; match class: 1,3,"CACNA2D2,TMEM159,CALCOCO1,RRAGD,POU2F2,CYP46A1,USP2,PARP3,WWC3,MTA3,PDE4A,SPTB,WIPI1,NOTCH3,RGS11,IGSF9,DNMT3B,LTBP4,JPH4,FBXL19,CIRBP,RAB36,PPP1R16B,PCSK1N,HSF4,SMPD3,HCFC1R1,FCGRT,PPP1R13L,LYL1,NOVA2,ICAM5,RABAC1,HPN,ZKSCAN1,CDH23,FGF8,FBXL15,RAPGEFL1,COL1A1,FAM20A,P2RX3,FOLR1,MDK,RASAL1,ST8SIA1,DBN1,KAT2B,TP53I3,MFAP2,CDK18,C1ORF54,USP35,ALDH6A1,SMAD9,HPCA,LRP1,SIRT5,TMEM175,A4GALT,CDKN1C,TNNI2,ZC3H4,TMCC2,WNT2B,TSPAN31,ARHGEF4,TNS3,NKX2-1,LIMD2,IL11RA,GRB7,ATHL1,CBLC,MMEL1,XPR1,RORC,SELENBP1,ETNK2,KANSL1L,TMEM44,DGKQ,PNRC1,SLC12A9,VAX1,TMEM219,ZSCAN1,FARP1,FBRS,DNAH3,RALGDS,COX6B2,AMDHD2,PDZK1IP1,KIAA1841,IVL,CRELD1,SLC9B1,HAND2,POLL,ASPG,GABRB3,PRR15L,NOD2,PPP1R14A,LY6D,FTH1,LMBRD1,KIF5C,CLIC3,SIK2,KRT86,KRT13,ZNF217,LAMB2,JUP,MARCH10,SEZ6L2,YPEL2,ULK1,ODF3B,ANKRD62,UBE2E2,ODF3L1,GPR173,EIF4ENIF1,PBX1,ZSCAN30,BCAM,TLR5,FAM221A,LITAF,PNRC2,SPOCK3,SFTA2,GTF2IRD2,WDR45,LYPD2,ZNF627,C6ORF89,MAGEA1,CDC42BPB,ZNF358,PNMA5,GPRIN2,RING1,ZFP57,MUC12,TMEM256,NYNRIN,GPC2,DDAH2,IRF9,TNFRSF25,TSTD1,SFTA3,TAPBP,ARHGDIG,CUX1,PPT2-EGFL8,C17ORF50"
TF:M07602_1,1,True,0.00312,4662,683,214,0.313,0.046,TF:M07602_1,tf,19,   Factor: CP2; motif: NNNNCCAGNCNN; match class: 1,1,"SPATA20,NOS2,IYD,TMEM159,GPRC5A,DEF6,RRAGD,RTEL1-TNFRSF6B,GRN,CYP46A1,USP2,WWC3,LTK,WISP2,REEP1,SPTB,WIPI1,GBA2,TRPM5,FBXW11,NOTCH3,TEAD2,KIFAP3,SRCAP,AGBL5,OVGP1,IGSF9,B4GALT1,DNMT3B,SLC4A11,IGBP1,FXYD3,YPEL3,FBXL19,CIRBP,IZUMO4,ARVCF,RAB36,PMM1,SLC8A3,MAP1LC3A,PCSK1N,USP11,MEDAG,TRADD,NDRG4,HCFC1R1,TMC5,ASAH1,KLC3,TJP3,DENND3,ICAM5,JAK3,MOSPD3,COL1A1,HDAC5,DNAJC4,SCNN1A,RASAL1,PTPN6,FAM184A,VIPR1,TP53I3,WNT6,AAK1,PCYOX1,MARC2,IFI27L2,SMAD9,EPHX2,RDH10,ACADS,DBH,PREX1,APOBEC3A,HEATR5A,EAPP,SAT1,THEM6,TNNI2,RBBP8NL,ASS1,NINJ1,TMCC2,SEC14L4,VTCN1,GPR55,TNS3,NKX2-1,TM6SF1,CIB2,LIMD2,TRIM29,FXYD6,LOXL4,CACNA1A,ATHL1,MMEL1,RORC,RFX5,CAND2,DGKQ,CRHBP,RNF145,KLHL3,PNRC1,ADIRF,VAX1,PLEKHS1,FUOM,HSPB8,PSTPIP2,TCF7L1,FARP1,ACOXL,NR4A2,ALS2CR12,FBXO32,B3GNT7,ZFYVE9,DNAH3,ZDHHC1,RALGDS,PRMT2,COX6B2,LRRC56,SPSB3,HS3ST6,KLHDC9,IVL,ALPP,ALPPL2,ELF3,FEV,IL17RC,SERINC5,HGSNAT,AQP3,ASPG,GABRB3,LDHD,PRR15L,NOD2,TUBA1A,TMC4,LY6D,GGT6,ZNF83,KIF5C,PCMTD1,SFTPB,CLIC3,ANKK1,STAT2,KRT13,KRT9,ADCK5,CD7,ADCY6,ZNF135,ZDHHC13,BET1L,SNX18,CITED4,LYNX1,ANKRD62,MXRA7,KCNB2,C1ORF116,OTOP3,ODF3L1,DNAH2,GPR173,TACSTD2,PTP4A3,SDR42E1,SLC24A3,LMLN,CYP4F12,CYP4F3,PALM3,RINL,CLDN4,SFTA2,TOMM20L,LYPD2,MB,FAM109A,MT1F,CNGA1,MAGEA1,ZNF358,OOEP,GPRIN2,LY6G6C,ZFP57,SPIRE2,TMEM256,NYNRIN,LTC4S,GPSM3,DDAH2,SH3D21,TNFRSF25,CT62,NTF4,HSBP1L1,TMEM229A,ARHGDIG,CRYBB2,FMN1,CTSO,C17ORF50"
TF:M09724,1,True,0.000651,8466,683,356,0.521,0.042,TF:M09724,tf,9,   Factor: DATF1; motif: SNGGRRGCWGNGGG,1,"ICA1,CFLAR,SARM1,HSPB6,THSD7A,KMT2E,YBX2,SPATA20,PRSS21,TRAPPC6A,CACNA2D2,PLEKHG6,IYD,TMEM159,CALCOCO1,GPRC5A,VSIG2,BTN3A1,POU2F2,GRN,CYP46A1,STAU2,PARP3,FOXN3,NRIP2,SYNE2,MTA3,PARP12,WISP2,ERBB3,PDE4A,PLA2G10,SPTB,WIPI1,TESK2,FBXW11,LLGL2,GSDMB,NOTCH3,TEAD2,FOSL2,KIFAP3,RGS11,N4BP2,SRCAP,BCKDHB,IGSF9,B4GALT1,ITPKC,DNMT3B,TMEM40,ARHGAP28,FXYD3,LTBP4,YPEL3,NLRP1,JPH4,EFHC1,FBXL19,CIRBP,ARVCF,RAB36,TTLL1,PMM1,SLC8A3,MAP1LC3A,CELF4,MEDAG,NDRG4,SMPD3,HCFC1R1,CLCN7,PYCARD,TMC5,KCNA7,LIN7B,FCGRT,KLC3,NOVA2,TJP3,DENND3,ICAM5,RABAC1,MEGF8,DBP,CAPS,JAK3,HPN,VIPR2,ZKSCAN1,PCOLCE,RASSF4,CDH23,FBXW4,FGF8,FBXL20,RAPGEFL1,RASD1,PEX12,HDAC5,P2RX3,DNAJC4,MDK,SCNN1A,PTPN6,ST8SIA1,PERP,WISP3,DBN1,HHLA2,ACVR2B,VIPR1,FOXP1,TP53I3,TLX2,WNT6,AAK1,CDK18,TSPAN1,IFI27L2,ALDH6A1,SMAD9,EPHX2,ECHDC2,HPCA,DBH,H2BFWT,PREX1,NEURL2,SIRT5,ATXN1,MYRF,ALKBH7,EDN2,BCL11B,A4GALT,MYO5C,CDKN1C,SAT1,TNNI2,RBBP8NL,ASS1,NINJ1,XAF1,PTPRA,RAB25,MACROD1,RARRES3,GIMAP6,REG4,SORT1,WNT2B,RSAD2,SPOCD1,TMEM2,TSPAN31,VILL,TNS3,NKX2-1,ZFHX2,CIB2,LIMD2,IL11RA,FXYD6,DBT,LOXL4,TET1,PDE5A,CCNG2,AMIGO2,WDR93,SGSM2,CACNA1A,ZFP14,IFITM3,ATHL1,CBLC,TM4SF5,MMEL1,HSPG2,XPR1,RFX5,ANXA9,SELENBP1,VASH2,ETNK2,GULP1,UNC80,KANSL1L,CAND2,SPATA9,RNF145,PNRC1,ADIRF,VAX1,FUOM,TM7SF2,TMEM219,KLRF1,HSPB8,PSTPIP2,TCF7L1,ZNF837,CNTNAP4,PPEF2,FBRS,B3GNT7,WDR66,RHBDL2,DNAH3,TGM7,RALGDS,SHKBP1,COX6B2,PAQR6,PTGER1,LRRC56,HS3ST6,AMDHD2,ACOT11,FBLIM1,ALPPL2,ELF3,FEV,IL17RE,IL17RC,LIPH,HAND2,HPGD,SERINC5,EBF1,CREBRF,DEFA6,TP53INP1,CLDN3,AQP3,ASPG,TRIM66,TMEM41B,LDHD,PRR15L,TMEM145,PPP1R14A,ZNF83,MGAT5B,FTH1,LMBRD1,PCMTD1,VWA3B,SFTPB,SPRY3,SPRR1A,MUC15,REPS2,SIK2,ZNF415,PDGFD,NINJ2,ZNF217,LAMB2,SYNPO2,ADCK5,CD7,SLCO2A1,SEZ6L2,YPEL2,ZNF613,SOX11,DPP7,ULK1,SAMD12,DYNAP,SNX18,DAND5,PCED1B,TSHZ1,LYNX1,ACBD4,ANKRD62,ATG9B,RFX7,UBE2E2,EXOC7,MXRA7,KCNB2,PPP1R27,OTOP3,ODF3L1,B3GALT5,DNAH2,GPR173,PLA2G6,PTP4A3,DUSP8,PDE4B,CA13,SLC24A3,GP1BA,NOTUM,PBX1,ZSCAN30,EMID1,BCAM,IFT140,TLR5,PALM3,CYHR1,RINL,RALGAPA2,FAM221A,LITAF,CLDN4,BTBD8,FAM53B,SPOCK3,SRGAP3,GTF2IRD2,EVL,TOMM20L,WDR45,LYPD2,PSAP,MT1F,MAGEA1,FAN1,CDC42BPB,ZNF358,PNMA5,SREBF2,RAET1G,GPRIN2,RING1,ZFP57,GPX3,CCDC183,LTC4S,HEXA,IRF9,SPDYE3,TNFRSF25,TSTD1,ADM5,SFTA3,CYP21A2,TAPBP,CFB,JMJD7,CUX1,PPT2-EGFL8,MUC22,LINC00672,AARSD1,SLC6A14,SMIM17,MAGIX,C17ORF50"
TF:M09724_0,1,True,0.000651,8466,683,356,0.521,0.042,TF:M09724_0,tf,9,    Factor: DATF1; motif: SNGGRRGCWGNGGG; match class: 0,2,"ICA1,CFLAR,SARM1,HSPB6,THSD7A,KMT2E,YBX2,SPATA20,PRSS21,TRAPPC6A,CACNA2D2,PLEKHG6,IYD,TMEM159,CALCOCO1,GPRC5A,VSIG2,BTN3A1,POU2F2,GRN,CYP46A1,STAU2,PARP3,FOXN3,NRIP2,SYNE2,MTA3,PARP12,WISP2,ERBB3,PDE4A,PLA2G10,SPTB,WIPI1,TESK2,FBXW11,LLGL2,GSDMB,NOTCH3,TEAD2,FOSL2,KIFAP3,RGS11,N4BP2,SRCAP,BCKDHB,IGSF9,B4GALT1,ITPKC,DNMT3B,TMEM40,ARHGAP28,FXYD3,LTBP4,YPEL3,NLRP1,JPH4,EFHC1,FBXL19,CIRBP,ARVCF,RAB36,TTLL1,PMM1,SLC8A3,MAP1LC3A,CELF4,MEDAG,NDRG4,SMPD3,HCFC1R1,CLCN7,PYCARD,TMC5,KCNA7,LIN7B,FCGRT,KLC3,NOVA2,TJP3,DENND3,ICAM5,RABAC1,MEGF8,DBP,CAPS,JAK3,HPN,VIPR2,ZKSCAN1,PCOLCE,RASSF4,CDH23,FBXW4,FGF8,FBXL20,RAPGEFL1,RASD1,PEX12,HDAC5,P2RX3,DNAJC4,MDK,SCNN1A,PTPN6,ST8SIA1,PERP,WISP3,DBN1,HHLA2,ACVR2B,VIPR1,FOXP1,TP53I3,TLX2,WNT6,AAK1,CDK18,TSPAN1,IFI27L2,ALDH6A1,SMAD9,EPHX2,ECHDC2,HPCA,DBH,H2BFWT,PREX1,NEURL2,SIRT5,ATXN1,MYRF,ALKBH7,EDN2,BCL11B,A4GALT,MYO5C,CDKN1C,SAT1,TNNI2,RBBP8NL,ASS1,NINJ1,XAF1,PTPRA,RAB25,MACROD1,RARRES3,GIMAP6,REG4,SORT1,WNT2B,RSAD2,SPOCD1,TMEM2,TSPAN31,VILL,TNS3,NKX2-1,ZFHX2,CIB2,LIMD2,IL11RA,FXYD6,DBT,LOXL4,TET1,PDE5A,CCNG2,AMIGO2,WDR93,SGSM2,CACNA1A,ZFP14,IFITM3,ATHL1,CBLC,TM4SF5,MMEL1,HSPG2,XPR1,RFX5,ANXA9,SELENBP1,VASH2,ETNK2,GULP1,UNC80,KANSL1L,CAND2,SPATA9,RNF145,PNRC1,ADIRF,VAX1,FUOM,TM7SF2,TMEM219,KLRF1,HSPB8,PSTPIP2,TCF7L1,ZNF837,CNTNAP4,PPEF2,FBRS,B3GNT7,WDR66,RHBDL2,DNAH3,TGM7,RALGDS,SHKBP1,COX6B2,PAQR6,PTGER1,LRRC56,HS3ST6,AMDHD2,ACOT11,FBLIM1,ALPPL2,ELF3,FEV,IL17RE,IL17RC,LIPH,HAND2,HPGD,SERINC5,EBF1,CREBRF,DEFA6,TP53INP1,CLDN3,AQP3,ASPG,TRIM66,TMEM41B,LDHD,PRR15L,TMEM145,PPP1R14A,ZNF83,MGAT5B,FTH1,LMBRD1,PCMTD1,VWA3B,SFTPB,SPRY3,SPRR1A,MUC15,REPS2,SIK2,ZNF415,PDGFD,NINJ2,ZNF217,LAMB2,SYNPO2,ADCK5,CD7,SLCO2A1,SEZ6L2,YPEL2,ZNF613,SOX11,DPP7,ULK1,SAMD12,DYNAP,SNX18,DAND5,PCED1B,TSHZ1,LYNX1,ACBD4,ANKRD62,ATG9B,RFX7,UBE2E2,EXOC7,MXRA7,KCNB2,PPP1R27,OTOP3,ODF3L1,B3GALT5,DNAH2,GPR173,PLA2G6,PTP4A3,DUSP8,PDE4B,CA13,SLC24A3,GP1BA,NOTUM,PBX1,ZSCAN30,EMID1,BCAM,IFT140,TLR5,PALM3,CYHR1,RINL,RALGAPA2,FAM221A,LITAF,CLDN4,BTBD8,FAM53B,SPOCK3,SRGAP3,GTF2IRD2,EVL,TOMM20L,WDR45,LYPD2,PSAP,MT1F,MAGEA1,FAN1,CDC42BPB,ZNF358,PNMA5,SREBF2,RAET1G,GPRIN2,RING1,ZFP57,GPX3,CCDC183,LTC4S,HEXA,IRF9,SPDYE3,TNFRSF25,TSTD1,ADM5,SFTA3,CYP21A2,TAPBP,CFB,JMJD7,CUX1,PPT2-EGFL8,MUC22,LINC00672,AARSD1,SLC6A14,SMIM17,MAGIX,C17ORF50"
